-- phpMyAdmin SQL Dump
-- version 4.8.3
-- https://www.phpmyadmin.net/
--
-- Host: 127.0.0.1
-- Generation Time: May 31, 2019 at 02:26 AM
-- Server version: 10.1.36-MariaDB
-- PHP Version: 7.2.11

SET SQL_MODE = "NO_AUTO_VALUE_ON_ZERO";
SET AUTOCOMMIT = 0;
START TRANSACTION;
SET time_zone = "+00:00";


/*!40101 SET @OLD_CHARACTER_SET_CLIENT=@@CHARACTER_SET_CLIENT */;
/*!40101 SET @OLD_CHARACTER_SET_RESULTS=@@CHARACTER_SET_RESULTS */;
/*!40101 SET @OLD_COLLATION_CONNECTION=@@COLLATION_CONNECTION */;
/*!40101 SET NAMES utf8mb4 */;

--
-- Database: `eapi`
--

-- --------------------------------------------------------

--
-- Table structure for table `migrations`
--

CREATE TABLE `migrations` (
  `id` int(10) UNSIGNED NOT NULL,
  `migration` varchar(255) COLLATE utf8mb4_unicode_ci NOT NULL,
  `batch` int(11) NOT NULL
) ENGINE=InnoDB DEFAULT CHARSET=utf8mb4 COLLATE=utf8mb4_unicode_ci;

--
-- Dumping data for table `migrations`
--

INSERT INTO `migrations` (`id`, `migration`, `batch`) VALUES
(13, '2014_10_12_000000_create_users_table', 1),
(14, '2014_10_12_100000_create_password_resets_table', 1),
(15, '2019_05_30_154618_create_products_table', 1),
(16, '2019_05_30_154635_create_reviews_table', 1);

-- --------------------------------------------------------

--
-- Table structure for table `password_resets`
--

CREATE TABLE `password_resets` (
  `email` varchar(191) COLLATE utf8mb4_unicode_ci NOT NULL,
  `token` varchar(191) COLLATE utf8mb4_unicode_ci NOT NULL,
  `created_at` timestamp NULL DEFAULT NULL
) ENGINE=InnoDB DEFAULT CHARSET=utf8mb4 COLLATE=utf8mb4_unicode_ci;

-- --------------------------------------------------------

--
-- Table structure for table `products`
--

CREATE TABLE `products` (
  `id` bigint(20) UNSIGNED NOT NULL,
  `name` varchar(191) COLLATE utf8mb4_unicode_ci NOT NULL,
  `details` text COLLATE utf8mb4_unicode_ci NOT NULL,
  `price` int(11) NOT NULL,
  `discount` int(11) NOT NULL,
  `created_at` timestamp NULL DEFAULT NULL,
  `updated_at` timestamp NULL DEFAULT NULL
) ENGINE=InnoDB DEFAULT CHARSET=utf8mb4 COLLATE=utf8mb4_unicode_ci;

--
-- Dumping data for table `products`
--

INSERT INTO `products` (`id`, `name`, `details`, `price`, `discount`, `created_at`, `updated_at`) VALUES
(1, 'nihil', 'Reprehenderit et esse eveniet corporis tempore cum ducimus est. Facere amet rerum occaecati ut et in. Perspiciatis repudiandae autem est corrupti. Ea assumenda quia mollitia rem eum sunt sint.', 4381, 2, '2019-05-30 21:01:01', '2019-05-30 21:01:01'),
(2, 'voluptatem', 'Vero dolores ut temporibus natus sapiente id ut. Consequatur quia aut error exercitationem omnis id. Deleniti at dignissimos velit quasi pariatur qui. Quibusdam excepturi velit dolor odit. Voluptates consequatur nisi quasi modi aspernatur temporibus.', 3758, 10, '2019-05-30 21:01:02', '2019-05-30 21:01:02'),
(3, 'porro', 'Nam vel rerum aliquam enim. Recusandae ut culpa vero dolor aut facilis necessitatibus. Placeat consequatur incidunt dicta nobis doloribus quam.', 8176, 30, '2019-05-30 21:01:02', '2019-05-30 21:01:02'),
(4, 'dolor', 'Labore delectus aperiam ad sunt error sed veritatis. Debitis corrupti perspiciatis qui quaerat numquam. Provident iusto reprehenderit voluptatem ut qui molestiae.', 5116, 7, '2019-05-30 21:01:02', '2019-05-30 21:01:02'),
(5, 'illo', 'Ea consectetur exercitationem quo tempore quia vel dolorem. In optio necessitatibus consequatur. Ea ea et eum eum. Hic suscipit odio itaque quia qui animi cupiditate.', 3516, 14, '2019-05-30 21:01:02', '2019-05-30 21:01:02'),
(6, 'quaerat', 'Iste ipsa voluptatem perspiciatis est. Et amet sequi est quidem culpa tenetur. Quos enim minima repellendus qui est omnis optio nulla. Ducimus quos quo dolore libero.', 3234, 7, '2019-05-30 21:01:02', '2019-05-30 21:01:02'),
(7, 'voluptas', 'A modi cupiditate eligendi quasi doloremque commodi ut. Veniam dolore est fuga optio voluptas quisquam. Sequi vitae mollitia consequuntur in.', 4498, 19, '2019-05-30 21:01:02', '2019-05-30 21:01:02'),
(8, 'a', 'Quisquam hic iusto dolores non. Sunt minus doloribus molestias blanditiis. Dolore sed rem at alias. Et dolorum accusamus odit aut debitis omnis.', 525, 29, '2019-05-30 21:01:02', '2019-05-30 21:01:02'),
(9, 'sunt', 'Cupiditate quod iure excepturi tenetur voluptas. Magni sit error at et rem sed aliquid. Ipsam id nemo aliquid debitis qui rem sed. Deserunt perspiciatis similique ut inventore.', 651, 9, '2019-05-30 21:01:02', '2019-05-30 21:01:02'),
(10, 'nihil', 'Vitae qui quod nam quo sed. Possimus quisquam omnis praesentium eos numquam. Eveniet earum officiis earum.', 7056, 18, '2019-05-30 21:01:02', '2019-05-30 21:01:02'),
(11, 'dicta', 'Harum iure repellat harum voluptas. Iste non cumque voluptate voluptates. Voluptas aliquam aliquid voluptatum ut voluptas.', 1635, 10, '2019-05-30 21:01:02', '2019-05-30 21:01:02'),
(12, 'sunt', 'Magnam deleniti fuga est architecto. Adipisci dignissimos consequatur fuga aliquid.', 6690, 24, '2019-05-30 21:01:02', '2019-05-30 21:01:02'),
(13, 'unde', 'Porro soluta quisquam perferendis est ut. Tempore placeat provident voluptatem quia. Soluta quibusdam totam similique et id in.', 3021, 15, '2019-05-30 21:01:02', '2019-05-30 21:01:02'),
(14, 'quia', 'Vero iure vel nam id amet reiciendis. Voluptatibus odit eveniet corrupti et. Quis et sint debitis vitae cum. Blanditiis sit reiciendis fuga doloremque.', 7847, 30, '2019-05-30 21:01:02', '2019-05-30 21:01:02'),
(15, 'dicta', 'Temporibus sed quos eos nisi. Dicta adipisci eos veritatis et ipsam assumenda. Sint voluptas qui ut.', 4058, 24, '2019-05-30 21:01:02', '2019-05-30 21:01:02'),
(16, 'porro', 'Voluptas molestias aut molestiae eius quis sint. Rerum non vel sit quibusdam eaque officia. Illum autem ut voluptatem eum nihil facilis autem. Cupiditate autem iure architecto ducimus debitis nobis.', 5949, 28, '2019-05-30 21:01:02', '2019-05-30 21:01:02'),
(17, 'iusto', 'Sunt et nesciunt consequatur libero qui ratione est non. Inventore eligendi hic impedit voluptatibus perspiciatis. Temporibus id doloribus autem debitis provident magni veniam. Maiores eos aut optio placeat id repudiandae sed. Inventore atque et ut.', 4355, 13, '2019-05-30 21:01:02', '2019-05-30 21:01:02'),
(18, 'repellat', 'Quasi sed optio perspiciatis ad molestiae. Velit ut molestiae omnis itaque reiciendis veritatis. Nemo excepturi expedita fugit beatae. Provident sit minima dolore ratione. Et laudantium perferendis accusamus eligendi reiciendis et.', 4952, 10, '2019-05-30 21:01:02', '2019-05-30 21:01:02'),
(19, 'voluptatem', 'Esse suscipit voluptas voluptatem quasi dolorum illo quia. Deleniti doloribus assumenda omnis ab quae atque voluptate. Consequuntur dolores eos voluptates exercitationem perferendis.', 7632, 5, '2019-05-30 21:01:02', '2019-05-30 21:01:02'),
(20, 'modi', 'Corrupti laboriosam ea aut architecto voluptatem in quas. Maiores vero natus enim omnis. Unde impedit voluptates mollitia porro suscipit saepe facere. Rem sit facere dicta.', 501, 22, '2019-05-30 21:01:02', '2019-05-30 21:01:02'),
(21, 'porro', 'Dolores id ratione dicta eum sint. Id ut numquam suscipit earum iure. Et et voluptatem maiores nobis harum dignissimos vel. Soluta quibusdam qui quas porro molestias totam distinctio. Sed aut nulla rem voluptate fugit sunt omnis.', 1782, 27, '2019-05-30 21:01:02', '2019-05-30 21:01:02'),
(22, 'suscipit', 'Rerum sit quis iusto suscipit quaerat ullam sint. Accusamus molestias est at sequi quaerat voluptatem neque.', 8005, 15, '2019-05-30 21:01:02', '2019-05-30 21:01:02'),
(23, 'numquam', 'Voluptate ut consequatur est aut veritatis itaque deserunt. Voluptates rerum amet inventore nihil veritatis vel. Assumenda itaque dolorem facilis. Rerum nulla corrupti facilis eveniet ex fugit.', 8538, 7, '2019-05-30 21:01:03', '2019-05-30 21:01:03'),
(24, 'eos', 'Qui nihil nostrum dolor totam libero dolores ab inventore. Quia illo adipisci aut recusandae qui nemo. Exercitationem facilis distinctio quidem sunt reiciendis natus mollitia repellat. Minima quo alias inventore maxime.', 9449, 18, '2019-05-30 21:01:03', '2019-05-30 21:01:03'),
(25, 'voluptate', 'Voluptas impedit nam consequuntur ut facilis dolorem a. Neque perspiciatis voluptates voluptatibus esse et consequatur et. Occaecati distinctio dicta sit et et maxime sed.', 6435, 13, '2019-05-30 21:01:03', '2019-05-30 21:01:03'),
(26, 'alias', 'Saepe accusantium totam perspiciatis sit dicta ut quasi et. Sint explicabo et debitis adipisci aspernatur est. Molestiae molestias ut hic perspiciatis eaque. Eos voluptatibus voluptas et quia facere distinctio nihil.', 2563, 30, '2019-05-30 21:01:03', '2019-05-30 21:01:03'),
(27, 'quam', 'Quia quibusdam labore ad nemo natus voluptas. Ratione eum vel in in occaecati provident. Harum rerum at dignissimos et consequatur eos cum. Est sequi delectus laborum.', 9597, 9, '2019-05-30 21:01:03', '2019-05-30 21:01:03'),
(28, 'corporis', 'Delectus facere perferendis quis dolorem aperiam. Rem modi vero omnis. Sint praesentium sed omnis dicta.', 9435, 3, '2019-05-30 21:01:03', '2019-05-30 21:01:03'),
(29, 'vitae', 'Earum omnis nisi aut dolor. Adipisci rem aut ad est nesciunt numquam itaque eos. Temporibus rerum tenetur qui ratione eum error.', 8435, 18, '2019-05-30 21:01:03', '2019-05-30 21:01:03'),
(30, 'asperiores', 'Id maiores sed et dolorum modi dolores. Sed est et recusandae sequi qui molestiae. Omnis voluptatem eius adipisci et velit id nemo. Ut dignissimos libero in qui ut eveniet nihil officia.', 6762, 7, '2019-05-30 21:01:03', '2019-05-30 21:01:03'),
(31, 'totam', 'Debitis aspernatur ut sed ratione. Aut repellendus quod neque laborum. Vitae deserunt et architecto omnis blanditiis. Et quisquam omnis odit optio non.', 4646, 29, '2019-05-30 21:01:03', '2019-05-30 21:01:03'),
(32, 'aliquam', 'Omnis distinctio consequatur vitae autem esse. Aliquam aspernatur qui nesciunt. Cum voluptas nam temporibus ipsam molestiae deserunt. Unde voluptates maiores tempora dolores molestias quia sint.', 566, 23, '2019-05-30 21:01:03', '2019-05-30 21:01:03'),
(33, 'sit', 'Sint qui omnis natus sed. Ea nisi deserunt quis possimus. Velit dolores aut esse ut voluptate facilis.', 4909, 11, '2019-05-30 21:01:03', '2019-05-30 21:01:03'),
(34, 'nulla', 'Earum eligendi ut hic qui quis eligendi vero quod. Sit dicta aut qui possimus nihil. Libero quas repellendus minus.', 8275, 9, '2019-05-30 21:01:03', '2019-05-30 21:01:03'),
(35, 'possimus', 'Aliquid sed in harum. Ratione quis ducimus molestiae est dolorum provident. Delectus assumenda quo pariatur nam reiciendis labore.', 3601, 12, '2019-05-30 21:01:03', '2019-05-30 21:01:03'),
(36, 'earum', 'Repellat consequuntur placeat et labore consequatur cupiditate. Labore atque assumenda porro eveniet rerum eius. Quo dolore consequatur quis fuga voluptas. Est nulla quas inventore dolores quis aliquam earum praesentium.', 5865, 22, '2019-05-30 21:01:03', '2019-05-30 21:01:03'),
(37, 'ipsam', 'Maiores ut sed distinctio et velit. Itaque ullam voluptas sed voluptatum labore asperiores. Sunt maxime qui iure consequatur ab omnis.', 7749, 4, '2019-05-30 21:01:03', '2019-05-30 21:01:03'),
(38, 'adipisci', 'Laudantium perspiciatis ut totam repellendus. Numquam illo voluptatibus nam qui id hic. Rerum qui ex cupiditate iure. Aut velit alias iusto beatae. Quia cum placeat minima exercitationem.', 3607, 9, '2019-05-30 21:01:03', '2019-05-30 21:01:03'),
(39, 'nam', 'Ut quia ipsam sed enim voluptatem nisi exercitationem. Facilis ut consequuntur perspiciatis nihil. Est autem in assumenda sapiente. Quos nihil reiciendis odio.', 3615, 29, '2019-05-30 21:01:03', '2019-05-30 21:01:03'),
(40, 'occaecati', 'Odio aut vitae et eum libero cum excepturi quasi. Autem ad quo maxime mollitia velit magnam ex excepturi. Pariatur ducimus error quae magni unde magni repellendus.', 9661, 24, '2019-05-30 21:01:03', '2019-05-30 21:01:03'),
(41, 'voluptas', 'Repellat inventore at recusandae esse in et dolore. Sed fugiat recusandae velit vitae expedita ea vero. Magni et laborum qui saepe quaerat repudiandae. Sit et tempora voluptates pariatur ipsam est dolores.', 2511, 7, '2019-05-30 21:01:03', '2019-05-30 21:01:03'),
(42, 'sint', 'Magnam hic reiciendis sit consequatur voluptatem. Earum sed facilis ad aperiam ipsum aut. Saepe sint ut enim totam.', 1114, 12, '2019-05-30 21:01:03', '2019-05-30 21:01:03'),
(43, 'aut', 'Libero dolores eveniet ut aut commodi. Pariatur eligendi perferendis aliquid officia autem rerum. Et excepturi consectetur placeat est quia consectetur sint.', 3437, 16, '2019-05-30 21:01:03', '2019-05-30 21:01:03'),
(44, 'hic', 'Est aut natus sed amet ducimus sunt tempore saepe. Harum suscipit neque molestias natus. Et quia tempora eius enim.', 3305, 7, '2019-05-30 21:01:03', '2019-05-30 21:01:03'),
(45, 'fugit', 'Aspernatur quas dicta explicabo autem. Laboriosam est quo architecto et sequi sunt. Cumque eveniet in quo quaerat recusandae. Sunt eligendi adipisci nesciunt aut et.', 5672, 8, '2019-05-30 21:01:03', '2019-05-30 21:01:03'),
(46, 'nobis', 'Qui ut voluptatem laboriosam nihil et. Pariatur fugit architecto rem velit. Autem voluptatem et suscipit praesentium optio numquam eos. Deserunt omnis nam fuga.', 4885, 9, '2019-05-30 21:01:03', '2019-05-30 21:01:03'),
(47, 'aut', 'Voluptatem officiis voluptate dolore aut voluptas culpa. Nostrum et placeat saepe impedit nisi porro. Laudantium magnam omnis sint sed.', 7754, 14, '2019-05-30 21:01:03', '2019-05-30 21:01:03'),
(48, 'eos', 'Quis nam optio esse quo rerum beatae. Sapiente voluptas molestias provident hic sint. Neque voluptatum autem quo incidunt.', 2015, 21, '2019-05-30 21:01:03', '2019-05-30 21:01:03'),
(49, 'atque', 'Illo quas vitae voluptatem distinctio. Ullam est eaque placeat quas aperiam dolorem sunt. Quis aut reprehenderit incidunt numquam et soluta.', 1968, 28, '2019-05-30 21:01:03', '2019-05-30 21:01:03'),
(50, 'deleniti', 'Non voluptatem repudiandae amet ipsa sint omnis quis. Debitis a fuga praesentium est veritatis. Minus non dolor fugit perferendis inventore non.', 6791, 6, '2019-05-30 21:01:03', '2019-05-30 21:01:03'),
(51, 'consectetur', 'Necessitatibus quam esse inventore mollitia. Perspiciatis explicabo id a sit dolor. Dolorem atque voluptatem doloremque libero rerum magnam. Nostrum recusandae voluptatum aliquam voluptatem est fugiat error. Velit aperiam expedita eaque beatae.', 6789, 24, '2019-05-30 21:01:59', '2019-05-30 21:01:59'),
(52, 'provident', 'Consequatur magnam unde qui sunt. Qui quisquam nemo laboriosam dolores aut sint incidunt. Consequatur aliquam vel eos atque quibusdam est vitae. Impedit accusamus nobis velit voluptas expedita assumenda. Beatae tempora molestiae est eaque dignissimos velit nisi.', 8074, 6, '2019-05-30 21:01:59', '2019-05-30 21:01:59'),
(53, 'tempore', 'Enim rerum laborum eveniet eos numquam possimus unde. Ut in laboriosam in. Et eaque nihil non.', 4321, 26, '2019-05-30 21:01:59', '2019-05-30 21:01:59'),
(54, 'est', 'Rerum hic adipisci dignissimos aut odio. Illum voluptate nam minus iure dolorem fuga. Est quaerat error rerum aspernatur alias quia nobis. Voluptas eos ipsam totam et atque voluptatem nisi.', 2281, 10, '2019-05-30 21:01:59', '2019-05-30 21:01:59'),
(55, 'eum', 'Et ipsa quis quae iste et eveniet. Unde occaecati ad et totam voluptatem. Atque sequi eius consequatur ab libero.', 3125, 4, '2019-05-30 21:01:59', '2019-05-30 21:01:59'),
(56, 'veritatis', 'Id excepturi incidunt ipsa id iste iste animi. Dolor sit voluptatum commodi vitae. Sed accusamus qui delectus repudiandae perspiciatis. Dolor labore repellendus occaecati quia.', 3364, 20, '2019-05-30 21:01:59', '2019-05-30 21:01:59'),
(57, 'et', 'Iusto nostrum est non repudiandae. Omnis quia quibusdam quia unde. Qui dignissimos asperiores enim voluptas. Quia quis commodi veritatis nihil omnis.', 9861, 30, '2019-05-30 21:01:59', '2019-05-30 21:01:59'),
(58, 'sint', 'Non totam eum eaque natus ut nihil molestias. Aut ad officiis sint exercitationem. Quam itaque quos veniam dolorem sapiente aliquid. Ad quas dicta blanditiis inventore odio atque eaque at.', 3675, 16, '2019-05-30 21:01:59', '2019-05-30 21:01:59'),
(59, 'voluptate', 'Voluptatum error ad recusandae aliquid. Id consectetur dolorum placeat ut vitae aut. Voluptatibus ea molestias quidem saepe odio ipsam.', 3781, 24, '2019-05-30 21:01:59', '2019-05-30 21:01:59'),
(60, 'at', 'Tempora quibusdam delectus nihil. Tempora quia autem vero sint dolore aliquam. Sapiente quos est voluptatibus sint molestiae nulla id.', 3565, 11, '2019-05-30 21:01:59', '2019-05-30 21:01:59'),
(61, 'sequi', 'Deserunt voluptatum ratione et quasi velit voluptatem voluptas. Quia reprehenderit qui cumque est. Porro est iure modi. Et facilis nihil rerum exercitationem.', 5065, 6, '2019-05-30 21:01:59', '2019-05-30 21:01:59'),
(62, 'quia', 'Qui ut ab voluptatem deserunt eaque nesciunt dolorem. Officia ut excepturi vel harum harum earum. Officia facere aspernatur molestiae.', 6917, 26, '2019-05-30 21:01:59', '2019-05-30 21:01:59'),
(63, 'laudantium', 'Dicta dolorem qui voluptatem et voluptatum. Et aliquid et quod alias. Sed quos molestiae est accusantium.', 2237, 13, '2019-05-30 21:01:59', '2019-05-30 21:01:59'),
(64, 'nesciunt', 'Ut consequatur aut esse ut velit consequuntur autem voluptatem. Ut et qui eligendi enim veritatis repudiandae quisquam. Quas aut fugit molestiae quaerat eos ut neque.', 334, 12, '2019-05-30 21:01:59', '2019-05-30 21:01:59'),
(65, 'velit', 'Enim qui dolores et consequatur placeat a sequi dignissimos. Perferendis praesentium cupiditate voluptatem dolor quo at ducimus. Et vero et dolores quae.', 9002, 23, '2019-05-30 21:01:59', '2019-05-30 21:01:59'),
(66, 'non', 'Accusantium modi omnis itaque repudiandae dignissimos est vero ullam. Dolor eius repellendus et harum velit. Deserunt et quis suscipit nobis quas error deleniti.', 3997, 13, '2019-05-30 21:01:59', '2019-05-30 21:01:59'),
(67, 'et', 'Neque similique itaque fuga dolorem non velit excepturi. Eius assumenda laboriosam sunt rerum. Iste dolorum et est nam consequatur.', 4350, 16, '2019-05-30 21:01:59', '2019-05-30 21:01:59'),
(68, 'doloremque', 'Consequatur ut iure voluptatibus minima. Quia qui incidunt corporis velit. Quisquam aut non ex optio facere numquam iste.', 9285, 5, '2019-05-30 21:01:59', '2019-05-30 21:01:59'),
(69, 'esse', 'Aut quod aut ipsa non possimus. Aspernatur natus incidunt aut rerum. Nihil vitae qui modi aliquam. Maxime velit rerum eum molestiae neque rerum fugit deserunt.', 4711, 20, '2019-05-30 21:01:59', '2019-05-30 21:01:59'),
(70, 'eos', 'Rem maiores aut suscipit aperiam dolore. Voluptas tempore sint quod quia aut. Vero suscipit itaque quo et porro aut ex.', 519, 9, '2019-05-30 21:01:59', '2019-05-30 21:01:59'),
(71, 'quis', 'Itaque expedita sint repellendus voluptas. Cumque et maxime fugiat pariatur nesciunt explicabo. Laborum est totam aperiam consectetur enim mollitia a.', 1135, 14, '2019-05-30 21:01:59', '2019-05-30 21:01:59'),
(72, 'nulla', 'Sed veritatis accusantium qui eos esse praesentium a. Aut voluptates aut tempore est natus deserunt et. Dolore aperiam amet laboriosam tempore culpa molestias.', 9254, 22, '2019-05-30 21:01:59', '2019-05-30 21:01:59'),
(73, 'id', 'Nam modi fuga autem est consectetur aliquid. Id distinctio ex voluptatem hic. Vel earum et aut itaque. Nulla non quas vel quidem rerum harum ipsa.', 5170, 9, '2019-05-30 21:01:59', '2019-05-30 21:01:59'),
(74, 'ipsa', 'Molestiae repellat iure veritatis ipsam. Voluptates tenetur ut sequi quis voluptatem.', 302, 27, '2019-05-30 21:01:59', '2019-05-30 21:01:59'),
(75, 'expedita', 'Quia quo pariatur eaque veniam amet illum pariatur. Quod velit aut tenetur. Aut aliquid voluptatem error adipisci deleniti. Quod dolor vel deserunt odit exercitationem quod ipsa.', 1345, 16, '2019-05-30 21:02:00', '2019-05-30 21:02:00'),
(76, 'voluptatem', 'Accusamus eius eum vero. Et quas autem soluta. Accusantium quis ut aliquid consectetur id fuga incidunt. Est est sit et ipsam consequatur dignissimos.', 7050, 27, '2019-05-30 21:02:00', '2019-05-30 21:02:00'),
(77, 'rerum', 'Assumenda cupiditate et facere facere et est reprehenderit qui. Ut sit et quia sed labore. Illum provident facere rem dolore. Mollitia quo eum nam.', 9992, 10, '2019-05-30 21:02:00', '2019-05-30 21:02:00'),
(78, 'quidem', 'A ducimus eos dolor necessitatibus libero odit. Molestiae ullam commodi sit eum unde quia eius. Labore ut aliquid rerum molestias voluptates ab.', 4946, 30, '2019-05-30 21:02:00', '2019-05-30 21:02:00'),
(79, 'omnis', 'Qui dolore ad soluta qui distinctio delectus minus. Voluptate soluta eos sapiente debitis qui quis ut. Quia eum ullam debitis.', 7643, 30, '2019-05-30 21:02:00', '2019-05-30 21:02:00'),
(80, 'sint', 'Voluptates illum illo id sed libero ab culpa omnis. Impedit rerum beatae rem quia. Consequatur ratione tempore expedita qui autem fugit molestiae.', 4904, 29, '2019-05-30 21:02:00', '2019-05-30 21:02:00'),
(81, 'qui', 'Ut sed officiis non. Velit ullam ab qui. Quo est cupiditate est accusamus voluptas. Autem tempore placeat exercitationem architecto vel dolore delectus explicabo.', 3027, 7, '2019-05-30 21:02:00', '2019-05-30 21:02:00'),
(82, 'autem', 'Nobis nisi qui corporis at aut. Nam maiores praesentium fuga rerum culpa sequi. Excepturi aut consequuntur vero. Ipsa ratione voluptas alias odio architecto voluptatem atque.', 9847, 27, '2019-05-30 21:02:00', '2019-05-30 21:02:00'),
(83, 'ratione', 'Ut dolor molestiae est ut quaerat. Et ut et ad non. Et blanditiis reiciendis laboriosam est.', 7553, 18, '2019-05-30 21:02:00', '2019-05-30 21:02:00'),
(84, 'nobis', 'Hic et quidem tempora amet ratione at enim in. Et tenetur eligendi ex molestiae omnis veritatis voluptates. Earum sit et quos et. Culpa eum fuga explicabo deserunt optio itaque.', 1304, 24, '2019-05-30 21:02:00', '2019-05-30 21:02:00'),
(85, 'porro', 'Cupiditate voluptatem rerum quo autem asperiores porro. Earum eveniet maxime sed dolore. Omnis nihil vero inventore debitis laudantium. Aut sed sed quaerat sunt nihil.', 8822, 16, '2019-05-30 21:02:00', '2019-05-30 21:02:00'),
(86, 'possimus', 'Tempora aliquam placeat necessitatibus delectus impedit autem voluptate. Autem vel et rerum ipsam. Ab beatae neque sed libero ut non.', 516, 30, '2019-05-30 21:02:00', '2019-05-30 21:02:00'),
(87, 'dicta', 'Repudiandae sapiente animi voluptates sit blanditiis. Non iusto quos vel. Quasi impedit similique alias. Vel vel itaque qui fugit eius aut.', 6119, 25, '2019-05-30 21:02:00', '2019-05-30 21:02:00'),
(88, 'velit', 'Dignissimos dicta vel explicabo rerum accusantium. Asperiores eaque sit quis sit consequuntur. Aperiam dolor et accusamus id fugit. Placeat officiis quis delectus blanditiis qui fugiat.', 9209, 14, '2019-05-30 21:02:00', '2019-05-30 21:02:00'),
(89, 'numquam', 'Distinctio recusandae et rem. Sint libero inventore natus vitae qui voluptatem. Quis fuga debitis nostrum ea placeat illo omnis. Veritatis id occaecati doloribus voluptatibus sunt vel incidunt.', 8038, 23, '2019-05-30 21:02:00', '2019-05-30 21:02:00'),
(90, 'deserunt', 'Omnis architecto non sed repudiandae. Quo et quis inventore rerum est quae accusantium. Ratione ab quia sit et eius eveniet. Vel consequuntur nesciunt id ipsam voluptatem suscipit soluta.', 5177, 22, '2019-05-30 21:02:00', '2019-05-30 21:02:00'),
(91, 'repellat', 'Eum consequatur veniam qui quisquam. Qui distinctio nesciunt veritatis nobis. Ullam temporibus sed minus modi repudiandae.', 3353, 23, '2019-05-30 21:02:00', '2019-05-30 21:02:00'),
(92, 'facilis', 'Eum consequuntur consequuntur ea alias reiciendis minus. Deleniti sed nam eaque praesentium a id rerum odio. Eveniet laudantium quo omnis tenetur est.', 2455, 12, '2019-05-30 21:02:00', '2019-05-30 21:02:00'),
(93, 'est', 'Ipsum assumenda dolore quis inventore. Et ipsam possimus quidem culpa.', 171, 29, '2019-05-30 21:02:00', '2019-05-30 21:02:00'),
(94, 'velit', 'Harum facilis rem fugiat quos. Quis quia quos aspernatur repellat saepe eos. Dignissimos et consequuntur corporis aut repellat facere sit. Eius aliquam voluptas rerum.', 9283, 23, '2019-05-30 21:02:00', '2019-05-30 21:02:00'),
(95, 'blanditiis', 'Et qui alias numquam suscipit iste aut voluptatibus. Error ad ullam quis est. Sapiente itaque numquam earum culpa. Odio voluptas aperiam quia sint debitis nemo.', 8087, 21, '2019-05-30 21:02:00', '2019-05-30 21:02:00'),
(96, 'adipisci', 'Et sapiente enim inventore ut dolores nobis ab. Similique sapiente fugit omnis. Sapiente voluptates ipsam esse cumque nulla.', 6691, 5, '2019-05-30 21:02:00', '2019-05-30 21:02:00'),
(97, 'labore', 'Ut deserunt consequatur odio a eaque ut. Aut labore minima vitae voluptas voluptatibus iste voluptatem blanditiis. Et eius voluptatibus voluptatibus soluta.', 4879, 2, '2019-05-30 21:02:00', '2019-05-30 21:02:00'),
(98, 'reprehenderit', 'Voluptatem et facere neque sed consequatur. Ut consequatur inventore quas atque suscipit. Vitae quia reiciendis itaque qui. Rerum fuga aut suscipit fugiat et nostrum quas velit.', 5551, 20, '2019-05-30 21:02:00', '2019-05-30 21:02:00'),
(99, 'deleniti', 'Eum debitis illum et veniam. Aspernatur sunt et vitae sint est omnis cumque.', 7663, 5, '2019-05-30 21:02:00', '2019-05-30 21:02:00'),
(100, 'consequuntur', 'Voluptates repudiandae eos rerum ut vel architecto. Omnis qui sunt ipsa modi ducimus animi voluptatem. Deleniti laboriosam consectetur aliquid atque aperiam expedita ea. Quos magnam consequatur fugiat incidunt sed dolorum labore eligendi.', 4939, 3, '2019-05-30 21:02:00', '2019-05-30 21:02:00');

-- --------------------------------------------------------

--
-- Table structure for table `reviews`
--

CREATE TABLE `reviews` (
  `id` bigint(20) UNSIGNED NOT NULL,
  `product_id` bigint(20) UNSIGNED NOT NULL,
  `customer` varchar(191) COLLATE utf8mb4_unicode_ci NOT NULL,
  `review` text COLLATE utf8mb4_unicode_ci NOT NULL,
  `star` int(11) NOT NULL,
  `created_at` timestamp NULL DEFAULT NULL,
  `updated_at` timestamp NULL DEFAULT NULL
) ENGINE=InnoDB DEFAULT CHARSET=utf8mb4 COLLATE=utf8mb4_unicode_ci;

--
-- Dumping data for table `reviews`
--

INSERT INTO `reviews` (`id`, `product_id`, `customer`, `review`, `star`, `created_at`, `updated_at`) VALUES
(1, 20, 'Palma Boyle', 'Saepe dolor dolores sed ea aperiam tempora. Ipsam aliquid architecto et expedita neque odio qui. Sint doloremque deleniti at voluptatem perspiciatis laudantium.', 3, '2019-05-30 21:02:01', '2019-05-30 21:02:01'),
(2, 79, 'Miss Linnea Deckow', 'Quis aut est accusamus iusto. Cum voluptatem et rerum et nam accusamus deleniti. Nostrum possimus et eos doloremque delectus numquam omnis. Aliquam ad perferendis dolorem accusantium.', 1, '2019-05-30 21:02:01', '2019-05-30 21:02:01'),
(3, 45, 'Mr. Soledad Kautzer', 'Quas ut repellat ratione voluptas autem ea. Sunt ut ullam iste odit vel. Aut laudantium eos adipisci ullam quos dolor.', 0, '2019-05-30 21:02:02', '2019-05-30 21:02:02'),
(4, 59, 'Dr. Wilson Funk', 'Omnis reprehenderit nesciunt qui magni dolores et adipisci. Natus aut suscipit quo voluptas voluptatum. Nulla sed iure corporis in.', 3, '2019-05-30 21:02:02', '2019-05-30 21:02:02'),
(5, 80, 'Dr. Peyton Dibbert', 'Omnis praesentium minima aperiam. Odit eum quasi laborum consequatur qui voluptatem. Illum magni ipsam debitis ab. Sequi et tempora exercitationem iste ducimus.', 5, '2019-05-30 21:02:02', '2019-05-30 21:02:02'),
(6, 1, 'Chaim Hills', 'Possimus praesentium quis dolorem natus. Atque non velit eum voluptatum est sunt. Illo quia aut et doloribus quidem. Autem maxime fugit quae est eligendi.', 2, '2019-05-30 21:02:02', '2019-05-30 21:02:02'),
(7, 50, 'Jadyn Stamm Jr.', 'Non dolorum excepturi odit corrupti repudiandae eos maiores. Asperiores consequatur eum libero ut velit id sint ut. Quo quisquam quia quisquam excepturi. Ut quo fugiat dolore.', 4, '2019-05-30 21:02:02', '2019-05-30 21:02:02'),
(8, 93, 'Delpha Collier', 'Delectus nam voluptas modi voluptatem officiis rerum ipsa. Impedit dolorem aut perspiciatis est. Quia ipsam quo eum sunt qui voluptatibus vero.', 3, '2019-05-30 21:02:02', '2019-05-30 21:02:02'),
(9, 48, 'Harley Medhurst', 'Quam quos debitis ipsa velit. Sint perspiciatis id molestias nostrum hic qui fugit. Labore sit tenetur quasi. Corrupti in non provident doloribus voluptatem magnam aut.', 5, '2019-05-30 21:02:02', '2019-05-30 21:02:02'),
(10, 43, 'Antoinette Jaskolski DDS', 'Vitae veritatis qui ipsam. Iusto earum aut rerum iusto ea nisi quam illum. Incidunt sint aut enim reiciendis ipsa tenetur. Et nam debitis expedita error qui velit est.', 4, '2019-05-30 21:02:02', '2019-05-30 21:02:02'),
(11, 21, 'Kennedi Stracke DVM', 'Quasi ut dolores facere omnis tenetur neque deserunt. Dolor et consequatur aut ea aliquid consequuntur quos aut. Doloremque minima quisquam dicta rerum. Magni voluptas natus et maiores non rerum. Aut dolorem deserunt quos non dignissimos animi aut quae.', 4, '2019-05-30 21:02:02', '2019-05-30 21:02:02'),
(12, 37, 'Gaetano Fritsch I', 'Praesentium tempora ea et nemo quis et nisi. Amet quia rerum velit autem dolores eligendi. Recusandae repudiandae qui et iste dolore sequi. Maiores distinctio voluptatem quidem.', 1, '2019-05-30 21:02:02', '2019-05-30 21:02:02'),
(13, 55, 'Dr. Paris Pacocha PhD', 'Necessitatibus et animi sed omnis quo corporis animi. Qui eaque ut molestiae maxime. Ipsum ut possimus dolorem illum est et reprehenderit velit.', 5, '2019-05-30 21:02:02', '2019-05-30 21:02:02'),
(14, 86, 'Elvera Hoppe DVM', 'Nemo ut animi quia hic. Et sint odit nobis nam. Doloribus vel facilis consequatur suscipit. Placeat repellendus dolores autem omnis et eveniet sit.', 5, '2019-05-30 21:02:02', '2019-05-30 21:02:02'),
(15, 50, 'Prof. Leonor Heidenreich DVM', 'Consequatur temporibus molestiae ab consequuntur quis voluptatem. Modi ut fugiat rerum minus. Ipsam nesciunt doloremque iste et excepturi nihil eveniet. Quod aut aut aut ab harum.', 1, '2019-05-30 21:02:02', '2019-05-30 21:02:02'),
(16, 70, 'Dr. Kip Crona', 'Qui facere reiciendis autem eos iste. Eos corporis ut illum. Est recusandae corrupti officia molestiae quod.', 5, '2019-05-30 21:02:02', '2019-05-30 21:02:02'),
(17, 5, 'Prof. Brayan Gislason V', 'Molestiae accusantium quas consectetur tenetur dolorum natus explicabo itaque. Voluptatem voluptates omnis autem assumenda quia excepturi. Quas quisquam et ex reprehenderit. Ea alias nihil qui unde distinctio ut.', 1, '2019-05-30 21:02:02', '2019-05-30 21:02:02'),
(18, 29, 'Adelle Walsh', 'Maiores officia aperiam et maxime harum illum soluta. Molestias est et natus quia. Iste magnam doloremque placeat nam. Aperiam quia tempora dolore quo sed necessitatibus voluptatibus laboriosam.', 0, '2019-05-30 21:02:02', '2019-05-30 21:02:02'),
(19, 85, 'Dr. Scotty Cassin MD', 'Fuga et molestiae perspiciatis nam et. Quod qui voluptatem cumque repudiandae consectetur. Quod et molestias voluptates. Consequatur repellat qui et voluptatem assumenda in.', 5, '2019-05-30 21:02:02', '2019-05-30 21:02:02'),
(20, 75, 'Rowan Schamberger', 'Fugiat nihil aut saepe voluptatem. Officiis fugit accusamus ullam placeat ut. Minus vitae eum autem debitis.', 4, '2019-05-30 21:02:02', '2019-05-30 21:02:02'),
(21, 78, 'Sedrick O\'Hara', 'Omnis iste voluptatibus reprehenderit dolorum illum sed occaecati. Voluptas nesciunt et sit quo. Animi magnam adipisci omnis eius et sit quasi quo.', 1, '2019-05-30 21:02:02', '2019-05-30 21:02:02'),
(22, 49, 'Oma Hilpert', 'Sapiente commodi provident consequatur quis. Placeat hic quidem ullam iure sapiente ipsa. Nobis quo dolor perspiciatis aut in.', 3, '2019-05-30 21:02:02', '2019-05-30 21:02:02'),
(23, 84, 'Dedrick Krajcik', 'Laborum animi et aut aut qui. Ut non delectus commodi nihil iusto aut atque. Ipsa est consequuntur possimus illum eius repudiandae blanditiis.', 2, '2019-05-30 21:02:02', '2019-05-30 21:02:02'),
(24, 2, 'Erich Bernhard', 'Quo porro mollitia dolorem quia. Tenetur placeat vel voluptas id et ut repellat. Corporis et ut est veniam nam autem qui molestias.', 1, '2019-05-30 21:02:02', '2019-05-30 21:02:02'),
(25, 99, 'Dr. Ike Spencer I', 'Est quia temporibus necessitatibus tenetur ipsum fuga illum. Iste qui nam voluptate recusandae et ut blanditiis ipsum. Distinctio fugiat ipsa a ipsa vitae. Excepturi et maxime et facilis occaecati occaecati sed dolorem.', 1, '2019-05-30 21:02:02', '2019-05-30 21:02:02'),
(26, 89, 'Dock Jerde', 'Vel corrupti voluptatem eos cupiditate. Aut perspiciatis nesciunt dolore repudiandae quia cum. Aut veniam ea molestiae. Ipsum esse aut nobis dolore.', 0, '2019-05-30 21:02:02', '2019-05-30 21:02:02'),
(27, 16, 'Madisen Raynor', 'Dolorem voluptas accusantium est ullam asperiores consequatur consequuntur. Veniam voluptate ipsum repellendus nihil voluptatem. Vero iure dolor et dolores. Nostrum neque quod magni soluta itaque neque.', 3, '2019-05-30 21:02:02', '2019-05-30 21:02:02'),
(28, 58, 'Danielle Feeney', 'Cumque quibusdam et vel a ratione in. Hic accusamus corporis dignissimos laboriosam omnis rerum animi deleniti.', 0, '2019-05-30 21:02:02', '2019-05-30 21:02:02'),
(29, 28, 'Blaze DuBuque', 'Asperiores ab rerum deserunt ad. Harum nam molestiae non a qui voluptatem molestiae. Fugit tempore ab sint fugiat.', 5, '2019-05-30 21:02:02', '2019-05-30 21:02:02'),
(30, 66, 'Dr. Derick Nienow', 'Fugiat nobis soluta totam est. Voluptate dicta in occaecati officiis totam delectus pariatur nam. Sit voluptatem enim quaerat sapiente dignissimos ab. Ut voluptatem et qui ad et.', 4, '2019-05-30 21:02:02', '2019-05-30 21:02:02'),
(31, 48, 'Ottilie Kerluke', 'Ut fugiat sunt labore porro voluptatem nihil eos. Quaerat asperiores sunt est odit. Voluptatem qui adipisci earum ea.', 2, '2019-05-30 21:02:02', '2019-05-30 21:02:02'),
(32, 30, 'Dr. Gunner Runte', 'Doloremque porro dolores sequi quo. Non debitis labore atque non. Sed enim alias quod debitis officia.', 4, '2019-05-30 21:02:02', '2019-05-30 21:02:02'),
(33, 14, 'Everette Cronin', 'Velit alias et est voluptatum. Laboriosam maxime rem doloremque quia placeat molestiae sit. Minus id sed nisi vel. Non quia vero enim nostrum aspernatur aut.', 4, '2019-05-30 21:02:03', '2019-05-30 21:02:03'),
(34, 55, 'Kaci Borer', 'Libero neque eligendi et. Id ullam qui tempore vel repellendus. Hic impedit et asperiores ut reiciendis alias.', 5, '2019-05-30 21:02:03', '2019-05-30 21:02:03'),
(35, 47, 'Prof. Armand Sauer', 'Repudiandae deserunt quia odit dolore eaque adipisci qui ipsa. Iure officiis et officia non eum quia ut. Quo amet facilis aut et quasi aperiam rem.', 3, '2019-05-30 21:02:03', '2019-05-30 21:02:03'),
(36, 44, 'Ms. Maeve Moen II', 'Rerum illo facilis veritatis est. Ut sunt repudiandae consectetur ea rerum voluptatum soluta.', 3, '2019-05-30 21:02:03', '2019-05-30 21:02:03'),
(37, 25, 'Prof. Dahlia Harris', 'Pariatur voluptatum explicabo est cum itaque et et. Ullam et nihil distinctio veritatis quos eos. Soluta possimus eum voluptates voluptas. Quos qui provident quia quis.', 3, '2019-05-30 21:02:03', '2019-05-30 21:02:03'),
(38, 79, 'Roxanne Schimmel', 'Facilis eius at animi dolorem cum harum. Fugit vel odio qui id quia. Sint tempora commodi cupiditate optio aut suscipit temporibus. Sed maiores est dignissimos fugiat iusto ad.', 3, '2019-05-30 21:02:03', '2019-05-30 21:02:03'),
(39, 83, 'Misty Schumm', 'Quaerat natus dolor delectus nam. Itaque asperiores doloribus ipsa quo iure ipsa. Laborum omnis dolore id aut illo consequuntur.', 5, '2019-05-30 21:02:03', '2019-05-30 21:02:03'),
(40, 41, 'Mrs. Missouri Murazik Sr.', 'Quo corrupti expedita dolorem doloribus laudantium voluptate quia. Voluptatem quia rem delectus placeat sit ut pariatur. Est dolore tenetur molestiae consequatur atque.', 4, '2019-05-30 21:02:03', '2019-05-30 21:02:03'),
(41, 44, 'Mrs. Shayna Goodwin IV', 'Consequatur dolores voluptatibus amet id impedit aspernatur neque. Quia rem soluta et enim vel qui aliquid exercitationem.', 4, '2019-05-30 21:02:03', '2019-05-30 21:02:03'),
(42, 87, 'Ms. Erika Torphy', 'Ipsam eum eum dolor accusamus voluptatem dolores. Nulla ipsa est magni laboriosam. Quasi id odio suscipit hic fuga aspernatur natus.', 3, '2019-05-30 21:02:03', '2019-05-30 21:02:03'),
(43, 55, 'Miss Mariela Cummerata Jr.', 'Qui voluptates consequatur eveniet totam quia. Assumenda autem mollitia doloremque quos.', 4, '2019-05-30 21:02:03', '2019-05-30 21:02:03'),
(44, 72, 'Mr. Marcel Spinka PhD', 'Quia tempora necessitatibus enim consectetur quam est. At dolorem et rerum minus rerum debitis.', 0, '2019-05-30 21:02:03', '2019-05-30 21:02:03'),
(45, 95, 'Abner Leannon', 'Quia et recusandae consequatur aut sit. Voluptatem voluptatum qui autem ullam quam. Temporibus quaerat maiores ut similique.', 3, '2019-05-30 21:02:03', '2019-05-30 21:02:03'),
(46, 33, 'Mr. Armando Cormier', 'Eius voluptas ut rerum. Non quo molestiae voluptas sit nemo et consectetur. Qui velit adipisci cumque quaerat ut fugiat. Et quaerat quam unde atque quis enim distinctio.', 2, '2019-05-30 21:02:03', '2019-05-30 21:02:03'),
(47, 75, 'Imani Langworth', 'Ullam repellat omnis est non quia dolor. Nobis non at et. Sint praesentium accusamus facilis commodi quos velit. Distinctio quidem id in beatae nostrum.', 0, '2019-05-30 21:02:03', '2019-05-30 21:02:03'),
(48, 51, 'Mr. Gavin Kuhlman', 'Enim voluptatibus perspiciatis quis et. Fugiat assumenda vero eligendi odio quibusdam commodi fuga non. Asperiores cupiditate laboriosam fugiat eligendi ipsam repudiandae. Enim temporibus laudantium ullam autem magnam natus. Expedita omnis ut consequatur quia.', 2, '2019-05-30 21:02:03', '2019-05-30 21:02:03'),
(49, 75, 'Tyson Koss', 'Hic dolor ut ab possimus. Laborum consequatur omnis alias aliquid. Dolorum non nihil dignissimos eaque mollitia beatae consequatur.', 3, '2019-05-30 21:02:03', '2019-05-30 21:02:03'),
(50, 84, 'Moses Larson', 'Voluptas qui molestias ipsa itaque amet illo debitis. Ratione autem ipsa vel. Suscipit non cupiditate nemo ut explicabo. Eos soluta ut ab facilis eum.', 4, '2019-05-30 21:02:03', '2019-05-30 21:02:03'),
(51, 63, 'Pietro Leffler', 'Repellendus ab quod sed omnis. Ipsa accusantium voluptas nemo sequi.', 5, '2019-05-30 21:02:03', '2019-05-30 21:02:03'),
(52, 28, 'Summer Medhurst III', 'A omnis voluptatem fuga nam illum sint qui consectetur. Similique odit ut occaecati sit. Aliquid aperiam at consequatur laudantium maxime.', 4, '2019-05-30 21:02:03', '2019-05-30 21:02:03'),
(53, 23, 'Mr. Modesto Herman', 'Repellat dolores accusamus in quis. Possimus maxime ea et nihil ea molestias quia. Dolore enim qui odio. Et quaerat ducimus et officiis temporibus qui vitae.', 3, '2019-05-30 21:02:03', '2019-05-30 21:02:03'),
(54, 37, 'Freda Turner', 'Voluptatibus id voluptatem enim architecto minus. Laborum laborum occaecati sit eligendi. Maiores inventore aliquid et et.', 2, '2019-05-30 21:02:03', '2019-05-30 21:02:03'),
(55, 68, 'Nikko Ferry', 'Occaecati nisi quo dolore similique. Et nemo qui aut exercitationem magni. Omnis tempore quod odit repellendus velit vitae autem.', 1, '2019-05-30 21:02:03', '2019-05-30 21:02:03'),
(56, 43, 'Prof. Herbert Ankunding DDS', 'Aperiam eius illo accusantium voluptas doloribus dignissimos. Qui fugiat vero incidunt non reprehenderit. Nobis et reiciendis beatae.', 1, '2019-05-30 21:02:03', '2019-05-30 21:02:03'),
(57, 98, 'Aliyah Muller', 'Sed et reiciendis laboriosam. Dolores laborum aut pariatur dolorem pariatur eaque necessitatibus. Harum nihil est omnis modi autem. Mollitia enim unde enim omnis culpa minima optio.', 1, '2019-05-30 21:02:03', '2019-05-30 21:02:03'),
(58, 22, 'Dr. Bernadine Kertzmann PhD', 'Facilis accusamus numquam qui reiciendis voluptas corporis. Expedita ut dolores facere odit dolores repellendus. Consequatur tempore eos corporis maiores. Velit ipsa id ea delectus ipsum magnam fuga.', 5, '2019-05-30 21:02:04', '2019-05-30 21:02:04'),
(59, 88, 'Lennie Purdy', 'Illum et magni molestiae nulla. Hic soluta sunt ut sit. Beatae aperiam aut ut non. Repudiandae laborum ut dignissimos veritatis voluptas.', 1, '2019-05-30 21:02:04', '2019-05-30 21:02:04'),
(60, 25, 'Miss Janie Heaney', 'Consequatur ab minus adipisci. Aut et quis voluptatibus voluptates amet corrupti. Ut provident modi explicabo dolor.', 4, '2019-05-30 21:02:04', '2019-05-30 21:02:04'),
(61, 82, 'Zachery Rohan IV', 'Quia eius hic ex voluptatem est. Sunt quo suscipit ab sit. Impedit delectus quidem sequi sed deleniti commodi alias ullam. Autem voluptates totam tempora vitae.', 1, '2019-05-30 21:02:04', '2019-05-30 21:02:04'),
(62, 86, 'Dr. Adonis Keeling', 'Ducimus cumque nobis et laboriosam aut provident repudiandae. Et est dolor deserunt sint. Delectus atque voluptatem est sunt excepturi qui.', 0, '2019-05-30 21:02:04', '2019-05-30 21:02:04'),
(63, 22, 'Mrs. Noemie Connelly', 'Autem incidunt et eaque cupiditate repudiandae natus sint. Mollitia ut sunt ducimus eius quidem tempora. Assumenda unde optio voluptatum ad asperiores.', 4, '2019-05-30 21:02:04', '2019-05-30 21:02:04'),
(64, 92, 'Lavinia Barrows', 'Porro eligendi ut et aut. Voluptatem nulla dolor ratione dolores veniam et rerum. Non sed aut eaque culpa ea aut facere. Nihil distinctio molestiae numquam autem.', 2, '2019-05-30 21:02:04', '2019-05-30 21:02:04'),
(65, 84, 'Monserrat Purdy', 'Est possimus illo culpa voluptas et. Et voluptas doloribus dolores non. Voluptas natus doloremque quidem quod aut officiis dolorum. Blanditiis rerum iste quasi iste commodi numquam.', 2, '2019-05-30 21:02:04', '2019-05-30 21:02:04'),
(66, 36, 'Prof. Margaret Mayer', 'Quidem nisi sed possimus unde. Dolore odit veniam neque saepe et asperiores eos.', 5, '2019-05-30 21:02:04', '2019-05-30 21:02:04'),
(67, 58, 'Levi Stark I', 'Velit et explicabo officiis accusantium non veritatis omnis. Hic quos quod facilis error. Doloribus non laudantium suscipit culpa rem in corporis.', 1, '2019-05-30 21:02:04', '2019-05-30 21:02:04'),
(68, 29, 'Mr. Woodrow Crist', 'Qui nulla non tempore est quaerat est. Ipsum ad nihil repellendus reiciendis. Saepe dicta distinctio velit ab ipsam repellat blanditiis alias.', 4, '2019-05-30 21:02:04', '2019-05-30 21:02:04'),
(69, 27, 'Jazmyne Grant', 'Adipisci culpa explicabo laborum. Temporibus sit ratione maiores odit voluptatum deserunt voluptatem. Dignissimos molestiae nostrum dolor quis dolorem.', 5, '2019-05-30 21:02:04', '2019-05-30 21:02:04'),
(70, 55, 'Monroe O\'Keefe', 'Velit iusto sunt sapiente tempore corporis repellat voluptas. Mollitia et similique aperiam non sit sit natus. Voluptatem qui doloremque incidunt qui officiis molestiae.', 2, '2019-05-30 21:02:04', '2019-05-30 21:02:04'),
(71, 20, 'Enid Ullrich V', 'Et omnis voluptas voluptas. Eos enim velit nemo rerum vitae repudiandae. Ratione nihil et veniam perspiciatis perferendis pariatur eos ullam.', 4, '2019-05-30 21:02:04', '2019-05-30 21:02:04'),
(72, 25, 'Triston Haley I', 'Quis enim provident in minima ea aut quibusdam. Ad id inventore voluptas earum. Modi non aut id magni velit. Eius repellat fuga error et suscipit quis.', 3, '2019-05-30 21:02:04', '2019-05-30 21:02:04'),
(73, 20, 'Prof. Howell Parker', 'Rem commodi exercitationem aut. Perspiciatis molestiae et eius quia praesentium. Id dolores tempora molestiae totam nesciunt officia impedit.', 4, '2019-05-30 21:02:04', '2019-05-30 21:02:04'),
(74, 64, 'Rae Simonis', 'Beatae voluptatem ut sit expedita atque ipsum aperiam odit. Harum qui quis recusandae sit necessitatibus eius reprehenderit. Quasi officiis quos mollitia dolor aut voluptas qui. Recusandae voluptatem modi quae veniam est.', 2, '2019-05-30 21:02:04', '2019-05-30 21:02:04'),
(75, 35, 'Marcelo Rolfson', 'Commodi quia in totam consequatur mollitia architecto sed. Pariatur rerum quia minima. Ut ut quos soluta repellendus. Ab id voluptas neque laudantium est dignissimos quas dolor.', 0, '2019-05-30 21:02:04', '2019-05-30 21:02:04'),
(76, 22, 'Ralph Fisher', 'Sed quia laboriosam necessitatibus expedita quis. Ab soluta inventore cupiditate ut. Earum nobis maxime ad sed.', 4, '2019-05-30 21:02:04', '2019-05-30 21:02:04'),
(77, 91, 'Florine Klein Sr.', 'Qui et sed voluptatum laborum repellat sint. Veniam omnis incidunt sequi ea. Fugit atque eligendi dignissimos sunt.', 1, '2019-05-30 21:02:04', '2019-05-30 21:02:04'),
(78, 96, 'Prof. Ambrose Barrows', 'Non voluptates labore impedit facere. Veniam similique totam et nobis. Voluptas deleniti velit et et excepturi eaque. Est qui ut rem commodi facilis totam.', 5, '2019-05-30 21:02:04', '2019-05-30 21:02:04'),
(79, 33, 'Karina Tromp', 'Ad voluptatem et et quia neque autem. Molestias unde animi ea numquam. Facere pariatur aut aut odit aspernatur. Voluptatem vitae praesentium molestiae architecto alias itaque quod.', 5, '2019-05-30 21:02:04', '2019-05-30 21:02:04'),
(80, 35, 'Annabel Kozey', 'Error iusto facilis nisi aut soluta sed. Et culpa placeat ex. Ex aspernatur et enim iste unde corrupti. Suscipit vero aut et cumque molestiae eius.', 0, '2019-05-30 21:02:04', '2019-05-30 21:02:04'),
(81, 10, 'Molly McCullough', 'Saepe atque quibusdam in recusandae quod. Aut cum minus nemo beatae. Consequuntur non reprehenderit optio nam asperiores nam beatae. Corporis aperiam voluptatem qui magni et est facere.', 1, '2019-05-30 21:02:04', '2019-05-30 21:02:04'),
(82, 42, 'Asha Gleason', 'Eveniet quia distinctio deleniti. Eum dolorem sit et sequi ipsum voluptatibus optio rerum. Et eveniet laboriosam velit reprehenderit sint. Et aut commodi laudantium aut nihil pariatur.', 4, '2019-05-30 21:02:04', '2019-05-30 21:02:04'),
(83, 95, 'Gerson Nader', 'Perferendis ut temporibus repellat consectetur ut. Mollitia suscipit enim magnam laboriosam dolorum et. Dolorem ut laborum officiis ut praesentium.', 2, '2019-05-30 21:02:04', '2019-05-30 21:02:04'),
(84, 9, 'Nicolas Kessler', 'Eos quidem itaque quod voluptatum dolores cupiditate. Et velit odio omnis dolorem sed repellendus natus. Quo ipsum est tempora. Et vel dolore alias modi rerum atque aut. Aut aut adipisci voluptatem sapiente in voluptate nesciunt.', 0, '2019-05-30 21:02:04', '2019-05-30 21:02:04'),
(85, 88, 'Prof. Sasha Steuber IV', 'Sunt quibusdam minima magni voluptas. Suscipit aspernatur eaque cupiditate distinctio iure adipisci non. Molestiae qui est eligendi quod ut dolorem. Eligendi nihil libero et eveniet dolores explicabo. Quas quisquam in quia rem.', 5, '2019-05-30 21:02:04', '2019-05-30 21:02:04'),
(86, 41, 'Kristin Kutch III', 'Quia doloribus deserunt sint repellendus velit ab. Sunt vel voluptatem ab et voluptatibus quisquam. Non delectus et quibusdam sunt dicta repudiandae voluptatem. Et voluptates molestias itaque libero consequatur.', 5, '2019-05-30 21:02:05', '2019-05-30 21:02:05'),
(87, 53, 'Winfield Altenwerth', 'Aliquid veritatis molestias et rerum. Esse dolorem quo aliquam accusamus cumque modi.', 3, '2019-05-30 21:02:05', '2019-05-30 21:02:05'),
(88, 29, 'Russell Casper', 'Animi aut sunt cupiditate. Soluta exercitationem fuga voluptate veniam tempore quaerat itaque blanditiis.', 0, '2019-05-30 21:02:05', '2019-05-30 21:02:05'),
(89, 35, 'Blair Lindgren', 'Et ut et voluptatem non eaque sit dicta. Sunt et eum deserunt maiores et. Voluptas non aut et accusantium nihil quae.', 0, '2019-05-30 21:02:05', '2019-05-30 21:02:05'),
(90, 76, 'Rosalinda Buckridge', 'Vitae ut fugit in corporis sequi. Id iusto id est voluptas laudantium. Autem tenetur omnis odio dolorem dignissimos vitae.', 1, '2019-05-30 21:02:05', '2019-05-30 21:02:05'),
(91, 9, 'Dr. Porter Rogahn PhD', 'Dolor doloribus harum fuga eius quibusdam qui quidem. Sed repudiandae placeat ipsum saepe non quia ratione. Atque quasi maxime quae et. Ex et consequatur doloremque quod.', 1, '2019-05-30 21:02:05', '2019-05-30 21:02:05'),
(92, 89, 'Agustin McClure', 'Libero eum qui eius iste ad sint. Beatae amet sunt quod doloribus blanditiis consequatur. Quidem porro in nihil aut. Explicabo eos sit nobis unde eius voluptatem.', 2, '2019-05-30 21:02:05', '2019-05-30 21:02:05'),
(93, 1, 'Mr. Ricardo Champlin DDS', 'Beatae doloribus numquam ullam laborum eaque. Adipisci eligendi odio explicabo aut quasi iure. Eveniet neque commodi voluptate sit id libero consequatur.', 1, '2019-05-30 21:02:05', '2019-05-30 21:02:05'),
(94, 59, 'Prof. Annamae Leuschke V', 'Omnis et quaerat doloremque reprehenderit natus odio fugit. Similique et veritatis non maiores fuga distinctio nihil.', 2, '2019-05-30 21:02:05', '2019-05-30 21:02:05'),
(95, 18, 'Carmel Jast', 'Qui necessitatibus iure quia qui. Praesentium impedit ut velit asperiores assumenda est rerum. Ut amet aliquid ratione et perferendis. Natus sunt ullam itaque quasi laborum.', 3, '2019-05-30 21:02:05', '2019-05-30 21:02:05'),
(96, 91, 'Ms. Madie Collins', 'Nihil sed esse est est. Laudantium quae quia et aut. Quo a assumenda explicabo ratione.', 3, '2019-05-30 21:02:05', '2019-05-30 21:02:05'),
(97, 95, 'Prof. Maximillia Gottlieb', 'Adipisci corrupti dolore odio sequi. Laboriosam vel enim id eligendi dolorum quibusdam ad.', 3, '2019-05-30 21:02:05', '2019-05-30 21:02:05'),
(98, 10, 'Mauricio Adams', 'Omnis et aspernatur mollitia excepturi dolorem. Ea autem non nostrum optio. Vel aut et facilis necessitatibus et odit debitis.', 1, '2019-05-30 21:02:05', '2019-05-30 21:02:05'),
(99, 44, 'Valentina Gleason MD', 'Assumenda nostrum rerum aliquid in saepe culpa. Vero est illo error soluta quam modi in. Placeat voluptatem quidem et enim cupiditate aspernatur. Velit excepturi consequatur voluptas omnis ut rerum.', 4, '2019-05-30 21:02:05', '2019-05-30 21:02:05'),
(100, 96, 'Mr. Andre Stokes DDS', 'Suscipit placeat molestiae quibusdam qui quasi quo voluptatibus dolor. Dolorem et dolorem et quia perferendis. Est quas dolores labore asperiores sapiente.', 0, '2019-05-30 21:02:05', '2019-05-30 21:02:05'),
(101, 78, 'Tina McKenzie DVM', 'Occaecati perferendis a commodi quis. Fuga ut quis commodi adipisci provident enim adipisci. Ullam est iusto facilis dicta facere atque dicta. Et in vitae labore quia sunt et.', 0, '2019-05-30 21:02:05', '2019-05-30 21:02:05'),
(102, 62, 'Letitia Kovacek', 'Cumque sed eum perspiciatis assumenda dolorem dolores voluptatem. Soluta voluptatibus in eveniet quo illum. Voluptatem velit blanditiis et ea quo ipsam officia. Adipisci ipsam hic magni nobis recusandae dolores consequuntur nemo.', 0, '2019-05-30 21:02:05', '2019-05-30 21:02:05'),
(103, 44, 'Delores Lind', 'Maxime suscipit amet veritatis et natus. Molestiae in dicta explicabo accusantium eligendi est suscipit minima. Earum dolor et et expedita laborum soluta. Quia sit quo exercitationem aspernatur enim. Aut sed tempora quia.', 5, '2019-05-30 21:02:05', '2019-05-30 21:02:05'),
(104, 93, 'Derrick Hodkiewicz', 'Corporis rerum quod consequatur autem ratione. Est perferendis et animi blanditiis. Quas eum fugiat magni magni.', 5, '2019-05-30 21:02:05', '2019-05-30 21:02:05'),
(105, 48, 'Dr. Verla Keebler II', 'Vero nostrum dolores minus aut et repellat adipisci. Est assumenda aperiam amet modi laboriosam assumenda sint. Dicta est occaecati doloribus sunt cupiditate tempora ipsa.', 1, '2019-05-30 21:02:05', '2019-05-30 21:02:05'),
(106, 71, 'Friedrich Parker', 'Magni consequatur voluptatem ab esse delectus. Et id ducimus sequi ullam. Omnis aut corporis inventore et et labore consequatur sit. Sit qui eum et quis et voluptatem. Et laboriosam saepe sed animi eius quo non.', 1, '2019-05-30 21:02:05', '2019-05-30 21:02:05'),
(107, 65, 'Dorothy Kessler', 'Doloremque ex at ea adipisci nam ipsum atque. Mollitia accusamus voluptatem nihil et perferendis qui eos. Aut esse enim a. Quasi vel in sunt.', 5, '2019-05-30 21:02:05', '2019-05-30 21:02:05'),
(108, 60, 'Everette Ryan III', 'Iure consequatur quaerat earum sequi earum magnam asperiores. Voluptatem necessitatibus velit facere fugiat. Dolores veniam voluptatem ut sint. Quo tempore dignissimos fugit eos provident. Culpa iusto itaque quibusdam architecto id ut.', 0, '2019-05-30 21:02:05', '2019-05-30 21:02:05'),
(109, 28, 'Miss Shanna Flatley Sr.', 'Est laborum et laudantium doloribus. Et quia voluptas sit sed illo dolores. Sed tempore quia rerum nisi quidem architecto excepturi id. Nihil molestias omnis officia.', 4, '2019-05-30 21:02:05', '2019-05-30 21:02:05'),
(110, 92, 'Dr. Natalie Cremin IV', 'Aut culpa assumenda voluptates corporis ut et. Natus et officiis dicta. Aut pariatur ea in voluptatibus tempora.', 0, '2019-05-30 21:02:06', '2019-05-30 21:02:06'),
(111, 38, 'Mr. Diamond Bartoletti III', 'Vel dolores maxime magnam. Sed et et iusto ut soluta et consequatur dolorem.', 1, '2019-05-30 21:02:06', '2019-05-30 21:02:06'),
(112, 4, 'Carolanne Huel', 'Eligendi sint et occaecati ex a sed. Inventore voluptatem veritatis qui commodi. Ex est similique amet sed. Nihil dignissimos atque temporibus aperiam.', 4, '2019-05-30 21:02:06', '2019-05-30 21:02:06'),
(113, 8, 'Brant Flatley', 'Pariatur fugit occaecati quia hic optio ducimus ea expedita. Voluptatem odit qui totam vel. Error ab optio eos atque.', 4, '2019-05-30 21:02:06', '2019-05-30 21:02:06'),
(114, 23, 'Cleo Gerlach', 'Minus et quasi explicabo doloribus sint asperiores rerum. Et iure repellendus et nostrum. Est quaerat fuga libero repellat voluptatibus fugit neque. Minus eum autem itaque nesciunt sit magnam distinctio.', 0, '2019-05-30 21:02:06', '2019-05-30 21:02:06'),
(115, 96, 'Guido Waelchi I', 'Ad hic distinctio ut rerum ut ea consequuntur debitis. Similique temporibus itaque qui ducimus et odio. Aut unde sunt molestiae. Architecto sit mollitia rerum id.', 4, '2019-05-30 21:02:06', '2019-05-30 21:02:06'),
(116, 7, 'Daija Gibson', 'Mollitia sed cupiditate tempore. Minus quibusdam quia quae architecto delectus id. Id incidunt quod est molestiae omnis culpa.', 0, '2019-05-30 21:02:06', '2019-05-30 21:02:06'),
(117, 18, 'Alana Eichmann', 'Doloremque quae magnam repellendus officiis. Laudantium totam quis recusandae dignissimos minus rerum. Officiis dicta possimus labore expedita soluta. Porro aut ut sapiente doloremque. Qui eum commodi expedita.', 1, '2019-05-30 21:02:06', '2019-05-30 21:02:06'),
(118, 80, 'Mrs. Retta Lindgren Jr.', 'Maiores ut magni molestias rerum aliquid voluptatibus. Quibusdam voluptatem dignissimos reiciendis veritatis aliquid laborum officia. Autem aut aut impedit est ratione aliquam nulla.', 3, '2019-05-30 21:02:06', '2019-05-30 21:02:06'),
(119, 61, 'Kaela Flatley', 'Sapiente similique sed voluptates eveniet exercitationem. Qui incidunt sit aut eum quia quo.', 2, '2019-05-30 21:02:06', '2019-05-30 21:02:06'),
(120, 90, 'Nellie Hessel', 'Eos dicta eum qui. Dolores et aut molestiae nihil earum veniam. Praesentium natus aut sit nemo. Et nam ipsa ullam in.', 0, '2019-05-30 21:02:06', '2019-05-30 21:02:06'),
(121, 71, 'Miss Janiya Lindgren V', 'Repellendus amet eius id facilis placeat rem tenetur. Ratione aliquam architecto voluptate nulla similique minus id. Facere quae ad nemo provident.', 1, '2019-05-30 21:02:06', '2019-05-30 21:02:06'),
(122, 66, 'Lilian Koelpin', 'Atque aut voluptas similique dolorum voluptas. Esse rerum illo voluptatibus cumque occaecati quasi autem. Similique dolorem aut id veniam qui. Autem ratione quia error nostrum quas.', 2, '2019-05-30 21:02:06', '2019-05-30 21:02:06'),
(123, 30, 'Christa Mohr', 'Aspernatur quia repellendus odit ullam quos nemo asperiores. Quo quia incidunt non illo vel harum aut enim. Voluptatem facilis iste velit repudiandae quia sint voluptatem.', 0, '2019-05-30 21:02:06', '2019-05-30 21:02:06'),
(124, 82, 'Mr. Ryan Gorczany DVM', 'Sunt voluptate at accusantium. Assumenda deserunt id assumenda est. Suscipit consequatur aut et nesciunt totam repudiandae. Magni fuga voluptatem aut architecto est accusantium fugit deleniti.', 2, '2019-05-30 21:02:06', '2019-05-30 21:02:06'),
(125, 36, 'Ima McKenzie', 'In et saepe sit dolorem atque. Soluta amet rerum modi facere praesentium vel vero ea. Aspernatur inventore corrupti dicta reprehenderit non.', 5, '2019-05-30 21:02:06', '2019-05-30 21:02:06'),
(126, 53, 'Dannie Greenholt', 'Ut est quia ut. Laudantium ipsam qui voluptatem eligendi vitae eos. Non qui officiis sit. Ullam qui porro quam laborum vel rerum.', 1, '2019-05-30 21:02:06', '2019-05-30 21:02:06'),
(127, 8, 'Dr. Hayley Fisher', 'Dolores et excepturi nulla quia est. Neque quia qui voluptas cumque ea aut voluptate.', 2, '2019-05-30 21:02:06', '2019-05-30 21:02:06'),
(128, 70, 'Raquel Schinner', 'Voluptatem omnis consequatur alias sint. Nihil expedita nihil qui ut sequi praesentium excepturi et. Ut quis aut aut voluptas aut sit consequatur. Consectetur ab dolores dolorum corrupti et molestiae ut.', 3, '2019-05-30 21:02:06', '2019-05-30 21:02:06'),
(129, 13, 'Prof. Destany VonRueden', 'Id repudiandae saepe qui culpa. Ipsam voluptas sed facere provident placeat et. Omnis est veniam culpa ut dicta adipisci eius voluptas.', 1, '2019-05-30 21:02:06', '2019-05-30 21:02:06'),
(130, 53, 'Harley Smitham', 'Praesentium excepturi doloremque deserunt eos saepe dicta corrupti. Eos est porro dicta adipisci veniam dolor quaerat mollitia. Qui unde quasi possimus. Aut provident quis atque ea tenetur excepturi.', 0, '2019-05-30 21:02:06', '2019-05-30 21:02:06'),
(131, 69, 'Sebastian Streich', 'Et error pariatur ut quis autem quia rem. At consequatur provident in velit qui aut impedit vel.', 3, '2019-05-30 21:02:06', '2019-05-30 21:02:06'),
(132, 11, 'Elsa Nikolaus', 'Consectetur quasi magni distinctio quis. Nulla amet commodi beatae dolorem optio eos et quos. Omnis consectetur enim cumque rerum. Velit id voluptas impedit impedit ipsa qui.', 5, '2019-05-30 21:02:06', '2019-05-30 21:02:06'),
(133, 83, 'Estel Hill MD', 'Est sed et hic sunt omnis nihil. Necessitatibus cupiditate quo at consectetur et sit ut quas. Odio est libero distinctio non et eum facere nam. Explicabo quidem consequatur maiores.', 5, '2019-05-30 21:02:06', '2019-05-30 21:02:06'),
(134, 6, 'Beth Barrows', 'Excepturi qui porro doloremque. Quas sint labore expedita ut. Et non et nulla. Qui aperiam architecto voluptatem doloribus.', 0, '2019-05-30 21:02:06', '2019-05-30 21:02:06'),
(135, 52, 'Hank Kerluke', 'Rerum esse sequi suscipit illum aliquid. Occaecati nihil delectus distinctio. Repellendus recusandae dolore provident illum.', 5, '2019-05-30 21:02:06', '2019-05-30 21:02:06'),
(136, 78, 'Ferne Thiel', 'Et voluptatem assumenda quia libero officiis non odit libero. Itaque assumenda vitae assumenda est totam quos. Non nulla rerum omnis.', 0, '2019-05-30 21:02:07', '2019-05-30 21:02:07'),
(137, 56, 'Hermina Maggio V', 'Nisi omnis molestiae atque vitae. Doloremque corrupti officia magni iste beatae quam et. Vero sequi hic nobis. Rerum et totam consequuntur illo dolorem voluptatem possimus.', 1, '2019-05-30 21:02:07', '2019-05-30 21:02:07'),
(138, 80, 'Ms. Camila Kunde III', 'Quidem asperiores nesciunt pariatur a temporibus. Unde nihil enim ullam voluptates ea tempora illum sequi.', 1, '2019-05-30 21:02:07', '2019-05-30 21:02:07'),
(139, 1, 'Laney Feeney', 'Sed totam voluptate atque in optio. At id ratione vero quisquam perferendis enim. Est minus est quia nam. Et corporis deleniti aliquam quasi soluta ut et.', 4, '2019-05-30 21:02:07', '2019-05-30 21:02:07'),
(140, 74, 'Prof. Candelario Brown Jr.', 'Corrupti error esse velit harum optio incidunt laudantium. Debitis et amet consequuntur vel modi. Ut fugiat modi atque in reprehenderit dolore.', 5, '2019-05-30 21:02:07', '2019-05-30 21:02:07'),
(141, 31, 'Macy Goyette', 'Nihil amet consequatur mollitia voluptatem. Dolorem et non consectetur aliquam voluptatum vel tempora. Quo ut tempora necessitatibus veritatis. Unde qui qui laborum officiis. Qui est sit quia voluptatum assumenda at nihil.', 0, '2019-05-30 21:02:07', '2019-05-30 21:02:07'),
(142, 33, 'Brooke Grant', 'Quo accusantium sed et et sit animi. Magnam occaecati corporis sed aut unde aspernatur. Explicabo qui quam dolore dignissimos magnam.', 0, '2019-05-30 21:02:07', '2019-05-30 21:02:07'),
(143, 61, 'Kenyon Shanahan PhD', 'Repellat excepturi voluptas dolorem et at eius hic. Ut enim nisi ratione quidem. Expedita ex quidem sit consequatur sit.', 2, '2019-05-30 21:02:07', '2019-05-30 21:02:07'),
(144, 28, 'Charlie Haag DVM', 'Fugit maxime quia alias deleniti aliquid praesentium tempora. Soluta consequatur sapiente nisi quaerat rerum. Qui ab velit ipsam est ex autem modi impedit. Sit cupiditate soluta eius explicabo eum.', 3, '2019-05-30 21:02:07', '2019-05-30 21:02:07'),
(145, 39, 'Maye Ratke', 'Esse qui qui ut voluptatem non aut. Adipisci quos ad accusamus consequatur ad voluptatem. Autem impedit qui quia sunt vel. Voluptatem distinctio necessitatibus id consequuntur laudantium perferendis neque.', 2, '2019-05-30 21:02:07', '2019-05-30 21:02:07'),
(146, 95, 'Sallie Jacobs', 'Similique similique amet commodi nisi. Maiores doloremque qui est rerum. Fugiat natus vel vero ut rerum magni.', 4, '2019-05-30 21:02:07', '2019-05-30 21:02:07'),
(147, 72, 'Ike Miller PhD', 'Occaecati commodi impedit aut aut qui numquam itaque reprehenderit. Reprehenderit cupiditate aut fugiat fugiat. Sunt et sed qui inventore.', 3, '2019-05-30 21:02:07', '2019-05-30 21:02:07'),
(148, 70, 'Elyse Pacocha DDS', 'Voluptas sequi qui expedita consequatur similique enim repellat. Illo illum excepturi debitis voluptas doloremque occaecati. Natus eum et dolore aut. Error sed consequatur sequi ut sunt consequuntur distinctio aut.', 4, '2019-05-30 21:02:07', '2019-05-30 21:02:07'),
(149, 81, 'Corbin Kreiger', 'Distinctio officiis et praesentium. Harum modi quos in sit. Earum nihil ea omnis autem autem est est nemo. Debitis sit vitae incidunt nesciunt est.', 2, '2019-05-30 21:02:07', '2019-05-30 21:02:07'),
(150, 46, 'Mr. Sanford Von', 'Voluptatem nihil rerum impedit nesciunt sint non. Assumenda nisi praesentium numquam exercitationem perferendis nisi enim vitae. Maxime ratione nisi quae sunt placeat praesentium. Eos reprehenderit natus beatae eligendi at eos.', 1, '2019-05-30 21:02:07', '2019-05-30 21:02:07'),
(151, 51, 'Mr. Marvin Oberbrunner III', 'Ab ut est molestias quo voluptatem excepturi. Eaque ut corporis praesentium quia id libero distinctio. Iste ea perspiciatis non. Ut et saepe magnam aspernatur.', 4, '2019-05-30 21:02:07', '2019-05-30 21:02:07'),
(152, 6, 'Annie Runolfsdottir', 'In velit laudantium et maiores quia ut. Et illum aliquid laboriosam optio. Sed nostrum velit debitis rem magnam est. Sapiente aut omnis quos eligendi dolores id.', 3, '2019-05-30 21:02:07', '2019-05-30 21:02:07'),
(153, 85, 'Wade Towne', 'Rerum quia voluptatem a. Dolorem ab dignissimos cumque eos amet soluta. Error tempora dolorem vitae ea.', 1, '2019-05-30 21:02:07', '2019-05-30 21:02:07'),
(154, 1, 'Mayra Mueller', 'Sequi neque error modi nam. Non id fuga minus vel et assumenda et quibusdam. Veniam vel vero dignissimos accusamus et.', 1, '2019-05-30 21:02:07', '2019-05-30 21:02:07'),
(155, 4, 'Alessandra Jerde', 'Perferendis maxime sint velit minima sed. Harum et ea debitis quasi natus qui numquam. Autem repudiandae aut repellat esse perferendis.', 5, '2019-05-30 21:02:07', '2019-05-30 21:02:07'),
(156, 88, 'Will Rippin', 'A consequatur aliquam necessitatibus et et vero quaerat. Id molestiae illum laborum molestiae porro aut ea.', 5, '2019-05-30 21:02:07', '2019-05-30 21:02:07'),
(157, 45, 'Toby Johnson', 'Architecto et ad vel. Sed accusantium ea est voluptatum placeat. Non commodi fugit aliquam sint aut recusandae et dolor. Nam et labore qui nisi neque unde.', 5, '2019-05-30 21:02:07', '2019-05-30 21:02:07'),
(158, 11, 'Alfred Denesik', 'Sit quia voluptatem accusantium at autem iusto et. Error et illum quisquam necessitatibus culpa voluptas inventore. Rerum officiis quia earum nam ut. Dignissimos minus reprehenderit deserunt sit quia ratione.', 2, '2019-05-30 21:02:07', '2019-05-30 21:02:07'),
(159, 48, 'Dr. Misael Doyle II', 'Ea dolor provident molestiae iste in voluptatem ea. Officia recusandae dolor fugit quae. Eveniet voluptate et sint labore dolor blanditiis in. Aut a id ut qui fugit dolor quod.', 4, '2019-05-30 21:02:07', '2019-05-30 21:02:07'),
(160, 58, 'Dawson Fadel Sr.', 'Ad in deleniti consectetur quia quae vitae. Ut et necessitatibus sunt quia nesciunt quasi doloremque. Totam est aut est nihil commodi cum. Autem placeat sunt quaerat id aut vel culpa. Unde excepturi debitis enim rerum non enim voluptatem.', 4, '2019-05-30 21:02:07', '2019-05-30 21:02:07'),
(161, 82, 'Ms. Eileen Bailey I', 'Error eum quo ad ut numquam. Aliquid corrupti quam tempore et voluptates. Magni quia dicta numquam sit et dolores alias. In voluptas ut eum voluptatum fugiat voluptatem.', 0, '2019-05-30 21:02:07', '2019-05-30 21:02:07'),
(162, 100, 'Dr. Donald Ankunding', 'Facere asperiores enim commodi ex non in sequi. Quisquam quisquam aliquam maiores voluptatem nesciunt quaerat fugit. Eligendi non sed qui consequatur cum laborum.', 5, '2019-05-30 21:02:07', '2019-05-30 21:02:07'),
(163, 29, 'Jeanne Ortiz', 'Temporibus ipsa distinctio quo aliquid earum aut. Omnis non nihil corrupti eligendi enim reiciendis. Rerum iste sit nisi amet voluptatem et natus.', 5, '2019-05-30 21:02:07', '2019-05-30 21:02:07'),
(164, 29, 'Miss Elizabeth Heathcote Sr.', 'Qui saepe officiis libero aut labore. Necessitatibus rem tempora id itaque sunt quaerat fuga. Aut eveniet sunt ut officia quod voluptatum.', 5, '2019-05-30 21:02:07', '2019-05-30 21:02:07'),
(165, 21, 'Prof. Leland Marquardt', 'Beatae aut dolorem rerum quo. In et nobis nihil ut officiis sit. Est distinctio iure atque enim veniam voluptatem voluptates.', 2, '2019-05-30 21:02:07', '2019-05-30 21:02:07'),
(166, 40, 'Nona Strosin', 'Quia veniam iure sunt nulla hic assumenda. Sit tempora et rem et veniam sed. Expedita vel voluptatem ullam.', 0, '2019-05-30 21:02:07', '2019-05-30 21:02:07'),
(167, 78, 'Carolanne Kulas', 'Dicta eos odit asperiores nostrum soluta. Quo occaecati tempora magni quas repellat. Facilis est dolor dolor voluptatibus.', 5, '2019-05-30 21:02:07', '2019-05-30 21:02:07'),
(168, 21, 'Aleen Lehner', 'Dolores maiores sit nobis quod commodi. Sed optio rerum repudiandae temporibus est voluptas. Aperiam eos fugit et temporibus dolores quia.', 5, '2019-05-30 21:02:07', '2019-05-30 21:02:07'),
(169, 77, 'Freddie Braun V', 'Error id voluptatem temporibus beatae quos facere quia odit. Temporibus qui quisquam occaecati libero excepturi voluptates. Nobis consectetur error qui.', 0, '2019-05-30 21:02:07', '2019-05-30 21:02:07'),
(170, 64, 'Fay Reichel', 'Quae nobis sed quibusdam velit assumenda non omnis. Voluptatem maiores ex in molestias. Ea consectetur corporis nihil asperiores earum consequatur. Minima ipsa dolorem molestias at. Commodi quibusdam aliquam omnis eveniet voluptatem neque quibusdam fuga.', 3, '2019-05-30 21:02:07', '2019-05-30 21:02:07'),
(171, 13, 'Katheryn Cormier', 'Velit amet labore ut nam ea. Quis aut consectetur numquam perspiciatis saepe. Voluptas enim fugit porro accusamus. In a porro consequatur sint quae.', 1, '2019-05-30 21:02:07', '2019-05-30 21:02:07'),
(172, 4, 'Mac Frami', 'Modi perspiciatis ex sunt voluptas voluptas quam. Ea rerum adipisci nisi eligendi vero asperiores veniam. Quia itaque nemo culpa deleniti. Et atque consequuntur velit enim adipisci possimus.', 3, '2019-05-30 21:02:08', '2019-05-30 21:02:08'),
(173, 15, 'Prof. Wendy Zboncak DDS', 'Totam porro est quia vel reiciendis aut ut. Possimus voluptatem et doloribus porro vel occaecati excepturi. Nesciunt qui est est esse qui.', 2, '2019-05-30 21:02:08', '2019-05-30 21:02:08'),
(174, 93, 'Mittie Towne', 'Hic id omnis ipsum aut quas provident quis. Sed dolores ut et nulla. Quidem illo in unde sed. Fuga id et maiores eum voluptatibus facere. Possimus voluptatem voluptatum consequatur rerum sed ea.', 4, '2019-05-30 21:02:08', '2019-05-30 21:02:08'),
(175, 41, 'Vivienne Reynolds', 'Sint similique nobis saepe praesentium sunt. Consequatur accusantium sunt quo aut aut temporibus ad. Veniam natus aut dolor nihil aut omnis nihil. Nihil dignissimos aut fugiat deserunt.', 0, '2019-05-30 21:02:08', '2019-05-30 21:02:08'),
(176, 12, 'Miss Izabella Braun MD', 'Ducimus illo delectus molestiae. Iste veniam rem possimus inventore et. Ex consequatur sit natus rerum omnis. Earum dolore autem repellat est possimus temporibus.', 2, '2019-05-30 21:02:08', '2019-05-30 21:02:08'),
(177, 70, 'Bonnie Olson', 'Est veritatis modi enim facilis veniam. Aut ad voluptatem et dolorem et optio. Qui inventore et sapiente sequi deserunt vel in.', 0, '2019-05-30 21:02:08', '2019-05-30 21:02:08'),
(178, 54, 'Kianna Stoltenberg', 'Ab modi architecto dolorem aut dolorem omnis veniam. Et nisi voluptatem officia quaerat velit placeat. Hic officiis ad ullam.', 3, '2019-05-30 21:02:08', '2019-05-30 21:02:08'),
(179, 22, 'Charles Hahn', 'Quia totam et blanditiis beatae distinctio laboriosam rerum. Autem qui voluptate ut non dolores. Quidem nam consequatur illo accusamus sit voluptate. Quo id eius cupiditate officiis laborum similique quia. Iste voluptas aliquam eum repellat repellendus veritatis placeat.', 2, '2019-05-30 21:02:08', '2019-05-30 21:02:08'),
(180, 14, 'Nayeli Ferry', 'Qui vero a qui accusantium nemo provident. Porro eos veniam aut possimus illum consequatur odio. Placeat sit nemo qui rerum commodi.', 0, '2019-05-30 21:02:08', '2019-05-30 21:02:08'),
(181, 4, 'Ms. Eryn Barrows III', 'Qui assumenda vel autem odit. Exercitationem autem debitis et totam. Unde quas maiores alias tempore.', 3, '2019-05-30 21:02:08', '2019-05-30 21:02:08'),
(182, 45, 'Ellie Stark', 'Reprehenderit unde laborum a neque possimus. Hic nam et animi ea dolores corrupti animi. Vel quasi sint voluptatem dolore dolorem laudantium. Esse ad doloremque sit. Consectetur non quam ipsa magni reprehenderit dignissimos.', 5, '2019-05-30 21:02:08', '2019-05-30 21:02:08'),
(183, 9, 'Marjory Keebler', 'Aut inventore praesentium sit numquam ut. Corporis pariatur eveniet voluptatum. Voluptatem velit soluta velit nihil reiciendis. Et autem nostrum nostrum quidem.', 4, '2019-05-30 21:02:08', '2019-05-30 21:02:08'),
(184, 23, 'Mr. Barton Wilderman Jr.', 'Hic voluptas voluptatem veniam. Iure a repudiandae alias asperiores aliquid commodi voluptatem. Iste rerum vero omnis laborum.', 0, '2019-05-30 21:02:08', '2019-05-30 21:02:08'),
(185, 31, 'Dr. Adan Kub', 'Cumque nam voluptas voluptatem optio. Ipsum explicabo eos voluptatem cum accusamus. Id doloribus corporis totam sit est. Dolores ratione repellendus impedit quisquam.', 1, '2019-05-30 21:02:08', '2019-05-30 21:02:08'),
(186, 8, 'Asia Gottlieb', 'Voluptate ipsa corrupti dicta culpa. Et sit minus perferendis error id ad. Odit vero et reprehenderit. Non assumenda itaque optio quis et.', 0, '2019-05-30 21:02:08', '2019-05-30 21:02:08'),
(187, 93, 'Prof. Wellington Vandervort', 'Dolore assumenda ut rem quis ut. Fugit eius et nihil.', 1, '2019-05-30 21:02:08', '2019-05-30 21:02:08'),
(188, 55, 'Miss Albina Hickle', 'Numquam perferendis excepturi delectus quisquam. Odit nemo saepe corrupti. Iste enim ratione eaque rerum sapiente sapiente excepturi.', 4, '2019-05-30 21:02:08', '2019-05-30 21:02:08'),
(189, 53, 'Candice Towne', 'Veniam voluptas velit vero voluptatem non dolor. Et voluptatibus ratione consequatur ullam. Qui occaecati similique quod laborum qui ea error. Perferendis rem et molestiae iste similique.', 0, '2019-05-30 21:02:08', '2019-05-30 21:02:08'),
(190, 7, 'Dr. Darron Crona', 'Ut eaque veritatis reiciendis iusto qui qui doloribus. Voluptatem ut ullam non laboriosam libero quibusdam. Qui occaecati natus illum quos molestiae maiores aperiam.', 5, '2019-05-30 21:02:08', '2019-05-30 21:02:08'),
(191, 86, 'Alison Pagac', 'Aut doloribus est voluptatibus non. Sit alias ut suscipit amet. Odit totam rem rerum qui perferendis rerum expedita.', 5, '2019-05-30 21:02:08', '2019-05-30 21:02:08'),
(192, 41, 'Viva Kemmer', 'Et voluptatem eos laudantium ipsam atque. Numquam aspernatur molestiae est qui itaque. Repudiandae architecto voluptatibus id tenetur laudantium nostrum pariatur fugit. Et voluptatem maxime similique ratione maiores quis voluptatem.', 4, '2019-05-30 21:02:08', '2019-05-30 21:02:08'),
(193, 28, 'Mr. Barry Prohaska', 'Officia odio minus sed ea et voluptate. Atque libero velit facilis. Recusandae necessitatibus quasi quis architecto sit.', 2, '2019-05-30 21:02:08', '2019-05-30 21:02:08'),
(194, 13, 'Adriel Bahringer', 'Omnis aliquid officiis veniam ullam non quam. Accusantium illum qui ad omnis.', 2, '2019-05-30 21:02:08', '2019-05-30 21:02:08'),
(195, 72, 'Rafaela Langosh', 'Ad est repudiandae pariatur labore temporibus et asperiores. Omnis quia dolore expedita beatae et. Commodi qui fugiat repellendus sunt. Expedita dolorem ipsum at.', 0, '2019-05-30 21:02:08', '2019-05-30 21:02:08'),
(196, 44, 'Horacio Gusikowski', 'Qui qui tenetur nostrum omnis provident molestiae. Magni odit eligendi temporibus illo.', 2, '2019-05-30 21:02:08', '2019-05-30 21:02:08'),
(197, 92, 'Prof. Camryn Osinski I', 'Aut omnis enim voluptas labore tempore qui. Dicta maiores consequatur quos sed. Rem tempore voluptas et harum.', 0, '2019-05-30 21:02:08', '2019-05-30 21:02:08'),
(198, 37, 'Miss Jessika Pollich IV', 'Ratione vero omnis modi omnis sit eius voluptatem. Dolorem quod voluptas repellendus vitae voluptate voluptas.', 0, '2019-05-30 21:02:08', '2019-05-30 21:02:08'),
(199, 26, 'Charity Schaden', 'Laudantium deleniti reprehenderit occaecati. Aspernatur cum earum dolor atque fugit dolorum non. Et ea corrupti rem magnam quas accusamus quo. Voluptas aliquam eum ratione officia voluptatem veniam sapiente.', 0, '2019-05-30 21:02:08', '2019-05-30 21:02:08'),
(200, 76, 'Laury Luettgen', 'Consequatur non ex aperiam. Sit mollitia sed eum perferendis nulla. Distinctio voluptatibus distinctio ipsam temporibus vel omnis.', 0, '2019-05-30 21:02:08', '2019-05-30 21:02:08'),
(201, 98, 'Mrs. Michelle Wuckert Jr.', 'Perferendis id aspernatur est voluptate alias. Maxime officia aut deleniti. Suscipit ut modi quam aspernatur. Ut consequatur iste occaecati repellendus dolore officia.', 4, '2019-05-30 21:02:08', '2019-05-30 21:02:08'),
(202, 81, 'Mr. Arch Ferry IV', 'Officia aperiam necessitatibus ipsa vero et praesentium harum assumenda. Minima adipisci ipsam dolorem et. Iste qui modi est suscipit.', 2, '2019-05-30 21:02:08', '2019-05-30 21:02:08'),
(203, 69, 'Alysson Glover', 'Ut facilis ut voluptas dolor qui in. Ut sint reiciendis et corrupti quo. Et molestiae voluptas dolores consequatur et enim expedita. Quo nulla et nostrum vero animi molestiae dolor. Perspiciatis quis omnis numquam praesentium.', 3, '2019-05-30 21:02:08', '2019-05-30 21:02:08'),
(204, 100, 'Mr. Eladio Hodkiewicz IV', 'Placeat non ea facilis qui. Quisquam voluptas qui animi iure. Odit quos et ut error perferendis ullam consequatur. Labore totam nostrum placeat nisi.', 3, '2019-05-30 21:02:08', '2019-05-30 21:02:08'),
(205, 94, 'Flo Raynor', 'Sint et enim non consequatur aliquid similique nobis minus. Perferendis exercitationem accusamus et cupiditate veniam. Et debitis sed consectetur accusantium animi laboriosam est. Optio vitae est et ab est est.', 3, '2019-05-30 21:02:09', '2019-05-30 21:02:09'),
(206, 20, 'Mrs. Tracy Considine I', 'Tempore consequatur quisquam sed totam. Aut perferendis quasi veniam. Et sunt sit autem voluptas eos velit.', 4, '2019-05-30 21:02:09', '2019-05-30 21:02:09'),
(207, 14, 'Kaelyn Sipes', 'Numquam beatae alias repellendus voluptatibus. Consequatur neque neque omnis numquam ipsa. Eaque explicabo asperiores vitae consectetur voluptatibus doloremque.', 1, '2019-05-30 21:02:09', '2019-05-30 21:02:09'),
(208, 24, 'Lexus Friesen', 'Modi sunt doloremque enim velit et minus ut. Aliquid qui ut dolor rerum labore quisquam temporibus. Autem iusto id aperiam repellat.', 1, '2019-05-30 21:02:09', '2019-05-30 21:02:09'),
(209, 66, 'Dr. Demario Shanahan', 'Quo animi natus praesentium sit. Quas sit ut ducimus optio harum saepe. Sed quas voluptas ut quod dolores.', 3, '2019-05-30 21:02:09', '2019-05-30 21:02:09'),
(210, 21, 'Lera Pfannerstill', 'Nihil vero praesentium ipsa fuga. Voluptatem pariatur dolorum omnis ipsum. In quia ut ducimus dolores. Aut delectus voluptas dolore ipsum aliquid quam magni.', 0, '2019-05-30 21:02:09', '2019-05-30 21:02:09'),
(211, 78, 'Mr. Edd Hand', 'Dolores autem quaerat dolores nemo qui non. Repellat facilis maiores consequuntur. Doloribus aut possimus commodi magni nihil iste. Consequatur error totam deleniti atque ut inventore.', 0, '2019-05-30 21:02:09', '2019-05-30 21:02:09'),
(212, 56, 'Irma Lakin', 'Unde sunt quaerat eveniet ducimus ut molestiae. Est nostrum voluptatem provident quisquam ipsum voluptas commodi. Ut facilis itaque ut eum.', 0, '2019-05-30 21:02:09', '2019-05-30 21:02:09'),
(213, 27, 'Prof. Sylvia Denesik PhD', 'Suscipit perspiciatis quidem ea deleniti. Sint quasi et nesciunt. Fugit sapiente blanditiis sint. Nam est voluptatem quis consequatur sit id repudiandae.', 1, '2019-05-30 21:02:09', '2019-05-30 21:02:09');
INSERT INTO `reviews` (`id`, `product_id`, `customer`, `review`, `star`, `created_at`, `updated_at`) VALUES
(214, 10, 'Kaylah Bauch DVM', 'Nihil et quas tenetur qui sunt ut. Unde et ipsum dignissimos sit distinctio quidem sed voluptate. Vel molestiae eum repudiandae sunt. Ea occaecati reprehenderit quia dolores.', 4, '2019-05-30 21:02:09', '2019-05-30 21:02:09'),
(215, 64, 'Gabe Toy', 'Provident necessitatibus quia laborum quia. Incidunt facilis sit velit facere iure quibusdam nostrum. Fugit ut magni et non unde ut mollitia nobis.', 1, '2019-05-30 21:02:09', '2019-05-30 21:02:09'),
(216, 96, 'Prof. Emerson Cassin', 'Neque debitis qui tempore. Consequatur enim adipisci tenetur laudantium vitae consequatur. Porro delectus est qui sint.', 1, '2019-05-30 21:02:09', '2019-05-30 21:02:09'),
(217, 75, 'Elna Krajcik', 'Sint distinctio voluptas enim. Quibusdam numquam ducimus quam cum. Dolor non enim qui aspernatur non.', 4, '2019-05-30 21:02:09', '2019-05-30 21:02:09'),
(218, 46, 'Antwan Miller', 'Ipsum nihil et sit est repudiandae quia saepe ratione. Minima aliquam facilis numquam vitae dolor doloremque. Reprehenderit voluptatibus sequi libero pariatur illum.', 3, '2019-05-30 21:02:09', '2019-05-30 21:02:09'),
(219, 66, 'Sage Treutel DVM', 'Et dolorem modi sed qui rerum fugiat. Quia ut odio quam et ipsum consequatur ducimus quia. Beatae nihil quia cumque error. In occaecati labore laborum eius nam rerum consequatur maxime.', 4, '2019-05-30 21:02:09', '2019-05-30 21:02:09'),
(220, 43, 'Dr. Bertha Heller I', 'Ab sapiente pariatur tempore laudantium doloribus. Corrupti maxime quos sunt sunt ea. Aut nesciunt vel ipsum quos sequi aut eum.', 0, '2019-05-30 21:02:09', '2019-05-30 21:02:09'),
(221, 32, 'Ms. Leonie Boyle', 'Ut cupiditate cum ullam sunt. Perferendis molestiae rerum qui voluptatem. Error unde corporis consequuntur cum voluptatem enim expedita. Maxime sed doloremque illo consequatur dolorem laborum qui eveniet.', 2, '2019-05-30 21:02:09', '2019-05-30 21:02:09'),
(222, 77, 'Cortney Nitzsche', 'Ipsam aut consectetur iusto voluptates. Consequatur minus alias ratione id dicta. Ut et deserunt molestias voluptatem consequatur voluptas.', 2, '2019-05-30 21:02:09', '2019-05-30 21:02:09'),
(223, 54, 'Nikki Pacocha', 'Vero et corrupti quae dolorem aspernatur. Soluta recusandae at esse. Eligendi nisi vel porro. Non nostrum assumenda laudantium sapiente dicta ipsum facilis.', 0, '2019-05-30 21:02:09', '2019-05-30 21:02:09'),
(224, 93, 'Miss Corene Hyatt IV', 'Ut maiores exercitationem numquam dolor. Placeat ut quo quisquam ut nobis est eos. Minus quia et numquam dolores amet. Pariatur nesciunt impedit fugiat assumenda rerum laborum. Sit mollitia deleniti error esse.', 0, '2019-05-30 21:02:09', '2019-05-30 21:02:09'),
(225, 29, 'Prof. Gust Rosenbaum', 'Ut voluptas rerum quia corrupti ut accusantium totam. Doloremque cupiditate architecto repellendus.', 5, '2019-05-30 21:02:09', '2019-05-30 21:02:09'),
(226, 67, 'Ardith Balistreri', 'Non dolor nihil eaque earum quisquam impedit fugit magnam. Impedit ullam nostrum omnis ducimus qui et numquam. Sunt ipsum dolorem esse et eos.', 5, '2019-05-30 21:02:09', '2019-05-30 21:02:09'),
(227, 75, 'Antwon Jerde', 'Aliquam rerum recusandae voluptatem aut officiis illo. Nisi et tenetur officia exercitationem asperiores tempore rerum. Voluptas et praesentium quia eveniet voluptatem. Et sed nulla et voluptatem aut est perferendis.', 3, '2019-05-30 21:02:09', '2019-05-30 21:02:09'),
(228, 34, 'Jannie Purdy', 'At excepturi magni deleniti. Officiis rerum ut qui ducimus excepturi. Dolorum dolor necessitatibus et ea dolorem at. Eum iusto a ut.', 4, '2019-05-30 21:02:09', '2019-05-30 21:02:09'),
(229, 43, 'Anika Simonis', 'Est quidem ipsum ipsa itaque deserunt perferendis harum. Libero facere quibusdam commodi est officia quod.', 0, '2019-05-30 21:02:09', '2019-05-30 21:02:09'),
(230, 69, 'Samantha Kuphal', 'Consequatur quasi voluptate et dolorum. Tempora id sequi nulla inventore repellendus. Iure dolorum aut placeat nam fugit laborum.', 2, '2019-05-30 21:02:09', '2019-05-30 21:02:09'),
(231, 19, 'Jon Mosciski', 'Eligendi fuga soluta maiores explicabo quia. Suscipit ipsa dolor sunt alias voluptatum ab ut.', 3, '2019-05-30 21:02:09', '2019-05-30 21:02:09'),
(232, 25, 'Billy Lubowitz', 'Non eos molestiae doloribus non ut. Ex commodi neque voluptatibus reiciendis a fugiat adipisci ex. Dolor at est libero dignissimos voluptatum dolorem labore laboriosam. Cupiditate sunt quo quo et voluptas.', 5, '2019-05-30 21:02:09', '2019-05-30 21:02:09'),
(233, 82, 'Elyssa Weimann', 'Nihil dicta voluptatem quibusdam voluptatibus. Sequi et quisquam dolor fugit et possimus. Aut sapiente neque et velit. Aperiam iusto id aliquid nam. Incidunt quasi esse adipisci incidunt dolore ad eum nesciunt.', 0, '2019-05-30 21:02:09', '2019-05-30 21:02:09'),
(234, 25, 'Prof. Abel Williamson IV', 'Possimus consequatur praesentium nostrum voluptatum. Quasi explicabo hic molestiae. Perspiciatis aperiam quis dolorem et aut. Minus debitis libero doloribus rerum officiis.', 3, '2019-05-30 21:02:09', '2019-05-30 21:02:09'),
(235, 44, 'Javonte Okuneva', 'Assumenda praesentium dolores consequuntur tenetur quod. Dolore in et praesentium voluptate distinctio.', 2, '2019-05-30 21:02:09', '2019-05-30 21:02:09'),
(236, 9, 'Lonzo Wyman', 'Nihil voluptatem minus quidem magni repudiandae velit suscipit. Et veritatis ad odit quia odit. Laborum assumenda quia corrupti.', 5, '2019-05-30 21:02:09', '2019-05-30 21:02:09'),
(237, 100, 'Kellen Walsh IV', 'Ut mollitia quod amet eius reprehenderit repellat. Adipisci inventore dolore illo ratione. Nisi qui doloribus commodi est. Rerum doloribus illo quod molestiae commodi. Doloribus consequatur minima qui et cupiditate consectetur.', 1, '2019-05-30 21:02:09', '2019-05-30 21:02:09'),
(238, 17, 'Ms. Margret Howe Jr.', 'Amet aspernatur delectus repellat magni perspiciatis. Ut non qui occaecati. Molestiae error doloremque omnis iusto.', 1, '2019-05-30 21:02:09', '2019-05-30 21:02:09'),
(239, 99, 'Brianne O\'Conner MD', 'Odio nihil dolor earum aut cupiditate maiores. Ut molestiae sit molestiae dolore. Quos asperiores quod nisi. Maiores enim neque culpa aut odit consequatur ipsa.', 5, '2019-05-30 21:02:09', '2019-05-30 21:02:09'),
(240, 32, 'Hailie Jacobi', 'Illum possimus cupiditate voluptatibus quas in qui aut. Ex sit odio rerum velit. Velit nihil ipsa voluptatum autem voluptatibus nihil.', 3, '2019-05-30 21:02:09', '2019-05-30 21:02:09'),
(241, 93, 'Meghan Schiller', 'Doloremque placeat nulla sit. Ipsam aliquid at aspernatur ut voluptas voluptatem a. Cupiditate mollitia error enim perferendis sint aspernatur nisi blanditiis. Dolorem et omnis minima facere. Maxime est qui rerum perferendis aliquid est.', 1, '2019-05-30 21:02:10', '2019-05-30 21:02:10'),
(242, 87, 'Prof. Kristofer Ebert DDS', 'Porro molestias officia sit laborum aut. Minus deleniti pariatur pariatur nihil ex. Eum illo ducimus labore dolorem porro id. Dolore sunt ad animi sapiente totam quis dolor. Voluptatem exercitationem ut est nisi.', 3, '2019-05-30 21:02:10', '2019-05-30 21:02:10'),
(243, 48, 'Lia Nitzsche', 'Est nam reprehenderit quas. Distinctio recusandae occaecati et autem reiciendis nostrum sit.', 1, '2019-05-30 21:02:10', '2019-05-30 21:02:10'),
(244, 70, 'Jerrold Corwin', 'Inventore autem sint in blanditiis ducimus numquam. Est adipisci a quaerat et.', 3, '2019-05-30 21:02:10', '2019-05-30 21:02:10'),
(245, 86, 'Darius Morissette III', 'Odio fugit ut aut. Dolorem delectus alias delectus.', 0, '2019-05-30 21:02:10', '2019-05-30 21:02:10'),
(246, 13, 'Jacinto Mosciski', 'Dolorem laboriosam inventore et laudantium a voluptatem. Eius ipsum voluptatibus voluptatem ab architecto. Totam culpa nulla ullam dolore molestiae sed.', 2, '2019-05-30 21:02:10', '2019-05-30 21:02:10'),
(247, 29, 'Litzy Miller', 'Dolorem doloribus sapiente aut et. Et quas maxime optio a sit. Expedita aliquam quis eveniet doloribus repudiandae reiciendis iste ipsa.', 2, '2019-05-30 21:02:10', '2019-05-30 21:02:10'),
(248, 80, 'Prof. Yasmine Crona', 'Rem necessitatibus et laudantium omnis sed vitae harum enim. Sunt quae voluptatum voluptatem beatae aliquid sapiente. Possimus accusamus consequatur ipsa sint eveniet aut. Beatae animi enim quibusdam sint accusantium voluptas.', 4, '2019-05-30 21:02:10', '2019-05-30 21:02:10'),
(249, 15, 'Frederik Ernser DDS', 'Nihil veritatis aperiam tenetur expedita laborum. Placeat qui dolorem possimus rerum impedit impedit. Ullam nemo qui assumenda voluptatem nesciunt sed iure et. Maiores possimus inventore architecto tenetur ex ut rerum.', 0, '2019-05-30 21:02:10', '2019-05-30 21:02:10'),
(250, 69, 'Alanis Pagac', 'Veniam ad et reprehenderit quasi molestias aliquid. Excepturi reiciendis eum sit placeat rerum voluptatem ea. Esse et magnam officia ut dolor aut qui.', 1, '2019-05-30 21:02:10', '2019-05-30 21:02:10'),
(251, 97, 'Prof. Sallie Williamson III', 'Eum unde iste eveniet laudantium cumque alias. Voluptas dignissimos repellat excepturi nobis facilis doloribus adipisci vel. Deleniti quo optio officia et dolor qui. Ratione fuga delectus eum.', 5, '2019-05-30 21:02:10', '2019-05-30 21:02:10'),
(252, 50, 'Zita Boyle', 'Consequatur corrupti debitis enim enim autem et eaque. Dolores occaecati delectus pariatur perferendis explicabo fugit. Tempore recusandae rerum dolorum explicabo. Saepe cum quaerat deleniti. Reprehenderit vitae maxime modi esse et quibusdam commodi.', 1, '2019-05-30 21:02:10', '2019-05-30 21:02:10'),
(253, 79, 'Tatyana Pfeffer', 'Voluptate aut ipsam enim totam porro quo. Quam voluptatem blanditiis enim eos asperiores. Qui dolor omnis reiciendis sit veniam.', 3, '2019-05-30 21:02:10', '2019-05-30 21:02:10'),
(254, 100, 'Prof. Nat Wunsch', 'Tempora accusantium autem minima rerum cumque porro harum omnis. Voluptatem ut hic molestias distinctio voluptatibus.', 1, '2019-05-30 21:02:10', '2019-05-30 21:02:10'),
(255, 92, 'Manuel Maggio', 'Et repellat animi vel accusamus. Fugiat eligendi velit hic est dolor porro. Quia totam ut nihil fugit nihil aliquid. Et modi et iste.', 4, '2019-05-30 21:02:10', '2019-05-30 21:02:10'),
(256, 99, 'Dr. Chelsie Hackett PhD', 'Autem cupiditate quam unde iste illum praesentium soluta cum. Expedita repellat aperiam in recusandae et. Nesciunt in aperiam voluptatem voluptatem impedit exercitationem.', 3, '2019-05-30 21:02:10', '2019-05-30 21:02:10'),
(257, 50, 'Prof. Felicia Jaskolski', 'Commodi qui ducimus in dolorem. Blanditiis suscipit delectus vero. Veniam deleniti maxime fugiat ut magni quis. Nisi aut voluptate omnis earum doloribus minus minima in. Assumenda voluptatibus illo ut ut explicabo aut.', 0, '2019-05-30 21:02:10', '2019-05-30 21:02:10'),
(258, 96, 'Dr. Stacy Von III', 'Nobis deleniti repellat eaque exercitationem quo odit quae. Cum esse sit qui. Modi ex perspiciatis alias. Pariatur accusamus maxime et id repellendus dolor tenetur.', 2, '2019-05-30 21:02:10', '2019-05-30 21:02:10'),
(259, 69, 'Avis Schneider I', 'Rerum eos odit ullam dolore amet molestiae ut. Laborum praesentium reprehenderit veniam. Hic dolores voluptas accusamus ipsum officia et quia.', 3, '2019-05-30 21:02:10', '2019-05-30 21:02:10'),
(260, 85, 'Lavern Eichmann', 'Porro omnis odio eum ipsa quibusdam ut. Qui culpa unde temporibus qui dicta ut. Consequatur eum eius delectus inventore. Vel laudantium recusandae nihil id eveniet tempora esse.', 2, '2019-05-30 21:02:10', '2019-05-30 21:02:10'),
(261, 85, 'Ona Stark', 'Sequi minima possimus dignissimos exercitationem vel. Totam amet sed esse vel reprehenderit voluptate. Quia eum vel iure quasi sit necessitatibus et. Id vero sed placeat quia quis.', 4, '2019-05-30 21:02:10', '2019-05-30 21:02:10'),
(262, 98, 'Ruthie Oberbrunner', 'Et totam ut cum atque est et facere. Repellat error atque aliquid tempore quos repudiandae. Sed non at omnis dolore laborum modi tenetur vel.', 3, '2019-05-30 21:02:10', '2019-05-30 21:02:10'),
(263, 100, 'Filomena McKenzie III', 'Dolorem id facilis doloremque cum in fugit earum. Sint et quasi quia incidunt et aut. Sit perferendis maiores et sint eaque. Cum saepe quo iure ducimus.', 5, '2019-05-30 21:02:10', '2019-05-30 21:02:10'),
(264, 86, 'Lauriane Lemke', 'Cupiditate reiciendis et consequuntur sunt aut in. Nisi consectetur corrupti quidem et non facere.', 4, '2019-05-30 21:02:10', '2019-05-30 21:02:10'),
(265, 6, 'Delta Ullrich', 'Et ut similique dolorem. Et rerum consectetur voluptate autem nesciunt rerum. Ipsa dolorem veniam soluta sed sit reprehenderit similique laudantium. Dicta ut dolorum labore cupiditate.', 5, '2019-05-30 21:02:10', '2019-05-30 21:02:10'),
(266, 77, 'Lee Wyman', 'Sed assumenda ipsa perspiciatis suscipit consequuntur autem quia. Facere corrupti impedit culpa ad repellat asperiores omnis est. Quisquam architecto tenetur est at et iste. Cupiditate eaque natus enim accusamus ut enim quod.', 3, '2019-05-30 21:02:10', '2019-05-30 21:02:10'),
(267, 10, 'Lesly Schmeler', 'Modi rem fugiat porro voluptate. Aliquam sint hic quibusdam maiores distinctio unde. Libero id minima voluptatem sed provident. Modi sint dolorum deserunt adipisci eaque.', 3, '2019-05-30 21:02:10', '2019-05-30 21:02:10'),
(268, 15, 'Joany Williamson', 'Consectetur sint omnis nihil magnam debitis cupiditate. Quos soluta in consequatur voluptatum. Adipisci expedita minima dignissimos dolorem nulla id.', 1, '2019-05-30 21:02:10', '2019-05-30 21:02:10'),
(269, 55, 'Clifford Zieme', 'Qui iusto quia consequatur dolorem. Atque et sed quis modi. Id adipisci facilis reprehenderit voluptatem assumenda. Ipsam consequatur optio aspernatur in qui illum. Eveniet illum voluptas tempore beatae.', 2, '2019-05-30 21:02:10', '2019-05-30 21:02:10'),
(270, 41, 'Chad Hessel', 'Sint dignissimos harum asperiores nihil. Dicta consequuntur dolorem excepturi nihil atque aliquid. Qui aperiam culpa fugiat cumque esse saepe. Asperiores et iste placeat odio impedit voluptatem sapiente.', 4, '2019-05-30 21:02:10', '2019-05-30 21:02:10'),
(271, 27, 'Bulah Gorczany II', 'Reprehenderit qui similique quia vel eveniet qui. Expedita nesciunt fugit aut veniam. Dicta quisquam quibusdam numquam maiores.', 1, '2019-05-30 21:02:10', '2019-05-30 21:02:10'),
(272, 92, 'Dr. Gonzalo McLaughlin DDS', 'Error aut quis omnis omnis porro dicta est. Qui voluptate omnis et rerum mollitia ab. Voluptas quod sunt consectetur quae ex molestias. Aut harum maxime minus.', 1, '2019-05-30 21:02:10', '2019-05-30 21:02:10'),
(273, 17, 'Wade Zemlak', 'Explicabo minima doloremque aperiam et in aliquam. Cum molestiae adipisci error et.', 4, '2019-05-30 21:02:10', '2019-05-30 21:02:10'),
(274, 44, 'Prof. Adam Hill DVM', 'Dolor itaque dicta deserunt earum occaecati. Deserunt iure repudiandae exercitationem aspernatur eius molestiae dolore quibusdam. Minima corporis soluta repudiandae dignissimos cum. Accusamus impedit optio voluptatum dolorem qui. Voluptatum ipsam perferendis animi dicta earum.', 3, '2019-05-30 21:02:10', '2019-05-30 21:02:10'),
(275, 98, 'Prof. Claudie Wiza', 'Dolores nisi ipsum ipsa et. Quam et voluptatem dolor delectus ea saepe velit quos. Odio ut veritatis ut voluptate. Occaecati enim suscipit rerum sunt quo voluptatem.', 4, '2019-05-30 21:02:10', '2019-05-30 21:02:10'),
(276, 92, 'Mr. Dylan Johnston Sr.', 'Vero optio harum corporis asperiores ut ratione. Voluptatum est dolorum laudantium laudantium saepe soluta dolores earum. Hic laborum tempore voluptate iste et ipsum et. Sit ut aut possimus est sapiente.', 2, '2019-05-30 21:02:11', '2019-05-30 21:02:11'),
(277, 57, 'Noe Wunsch', 'Aut maxime qui sint necessitatibus nostrum. Illum quo eaque in vitae quas in beatae. Laboriosam voluptas voluptate magnam vel qui doloremque.', 2, '2019-05-30 21:02:11', '2019-05-30 21:02:11'),
(278, 1, 'Fay Deckow', 'Id omnis illum maiores architecto laborum aut quo. Ipsa sit aliquam molestiae totam soluta ab illo. Reprehenderit voluptatibus amet qui excepturi nihil placeat maxime.', 0, '2019-05-30 21:02:11', '2019-05-30 21:02:11'),
(279, 47, 'Brooklyn Nolan', 'Veniam voluptatem aut soluta tempora assumenda culpa error. Id culpa consequatur commodi ut illum totam. Asperiores odit accusantium adipisci illo consequuntur aut iure accusantium.', 5, '2019-05-30 21:02:11', '2019-05-30 21:02:11'),
(280, 61, 'Morris Hammes', 'Facere officia ab et ab eaque. Porro laboriosam voluptatem placeat aliquid aut cupiditate. Dignissimos eligendi sed consequatur est non.', 5, '2019-05-30 21:02:11', '2019-05-30 21:02:11'),
(281, 59, 'Celestine Strosin', 'Tempore sapiente sed nobis libero eum. Beatae quae est qui. Natus repellendus doloremque animi voluptatibus reprehenderit. Cum rerum fugit amet et. Harum et placeat eaque est velit pariatur non.', 4, '2019-05-30 21:02:11', '2019-05-30 21:02:11'),
(282, 16, 'Jaclyn Pagac', 'Voluptatem explicabo repellendus illo quia. Similique omnis molestias eveniet delectus rerum nobis aliquid ipsum. Corporis enim quia aperiam.', 5, '2019-05-30 21:02:11', '2019-05-30 21:02:11'),
(283, 79, 'Madelynn Hagenes', 'Accusantium odio optio perspiciatis doloribus nihil. Dolores saepe quibusdam velit non odio. Doloribus dolor modi et veritatis dignissimos. Quia officiis non iste sequi.', 1, '2019-05-30 21:02:11', '2019-05-30 21:02:11'),
(284, 72, 'Chadd Parisian Jr.', 'Eum ut aut atque non. Consequatur voluptas nam ipsa illo. Unde nesciunt modi praesentium. Dolor aut a et et.', 1, '2019-05-30 21:02:11', '2019-05-30 21:02:11'),
(285, 18, 'Miss Madaline Mosciski PhD', 'Aspernatur qui rerum quia dicta velit. Consequatur sint deleniti eos maiores harum reiciendis. Deserunt minima et enim laboriosam maiores rerum voluptatem. Recusandae ipsa repudiandae velit explicabo inventore est.', 3, '2019-05-30 21:02:11', '2019-05-30 21:02:11'),
(286, 83, 'Prof. Aleen Reichel', 'Itaque eius non vitae at dolore laudantium. Voluptatem magni quo esse velit. Ipsam iure nemo et perferendis.', 5, '2019-05-30 21:02:11', '2019-05-30 21:02:11'),
(287, 79, 'Maritza Lind', 'Nihil ea et qui quibusdam eveniet. Quos autem est veritatis repellendus dolorum. Aut nisi animi consequuntur recusandae.', 4, '2019-05-30 21:02:11', '2019-05-30 21:02:11'),
(288, 53, 'Elisabeth Streich', 'Iste aliquid labore amet qui nihil magni sit. Ad accusamus optio rerum deserunt totam. Facilis corporis et explicabo eaque quos repellat. Totam eligendi fugiat vitae magnam laborum.', 4, '2019-05-30 21:02:11', '2019-05-30 21:02:11'),
(289, 73, 'Prof. Trenton Moen', 'Corporis quo et iure rerum ab illo quidem. Sequi omnis at necessitatibus voluptatum voluptatem. Velit et placeat officiis omnis. Dolore amet magni ut ad asperiores.', 1, '2019-05-30 21:02:11', '2019-05-30 21:02:11'),
(290, 40, 'Madaline Walker', 'Est esse velit sit aut. Fuga enim iure neque ipsam sint.', 3, '2019-05-30 21:02:11', '2019-05-30 21:02:11'),
(291, 93, 'Mr. Noel D\'Amore Sr.', 'Voluptas in odit doloremque iste. Nobis voluptas adipisci aut temporibus. Labore doloremque quibusdam ea sequi cumque ut nam. Delectus rerum est ex autem aut possimus non.', 5, '2019-05-30 21:02:11', '2019-05-30 21:02:11'),
(292, 17, 'Jennings Botsford', 'Impedit aliquid enim et labore. Rerum architecto et iste. Et unde hic quisquam illo numquam voluptatem. Voluptas perspiciatis quam sint exercitationem.', 3, '2019-05-30 21:02:11', '2019-05-30 21:02:11'),
(293, 57, 'Marguerite Dietrich', 'Est qui atque repudiandae nobis error optio non. Nemo hic a amet ut vero quae. Dolorum quae sint ex. Sequi et ex voluptatem accusamus aperiam.', 3, '2019-05-30 21:02:11', '2019-05-30 21:02:11'),
(294, 99, 'Carolyne Eichmann', 'Consectetur voluptas omnis molestiae. Ratione provident et voluptates illo eaque assumenda. Vitae quasi modi earum est illum assumenda voluptatibus. Quidem iusto incidunt rerum autem amet temporibus maiores.', 2, '2019-05-30 21:02:11', '2019-05-30 21:02:11'),
(295, 60, 'Leda Turner PhD', 'Quibusdam dignissimos quia modi ut. Voluptatem aperiam alias veritatis. Sunt nesciunt adipisci dignissimos labore quia nihil et quam.', 3, '2019-05-30 21:02:11', '2019-05-30 21:02:11'),
(296, 71, 'Clay Corwin', 'Autem odio quia sed aut atque. Et maxime provident voluptatum consequatur dolorum facere nesciunt. Voluptatum et repellendus nulla et sit est aliquam aut.', 2, '2019-05-30 21:02:11', '2019-05-30 21:02:11'),
(297, 50, 'Dr. Adah Lueilwitz', 'Deserunt repellat laborum facere velit eum et rerum. Magnam quod facere sunt nihil.', 2, '2019-05-30 21:02:11', '2019-05-30 21:02:11'),
(298, 71, 'Kim Ledner', 'Quo et commodi qui saepe ut. Repudiandae quia culpa dolorem facere nihil qui quidem. Neque repudiandae ex a minus totam. Sed culpa ad nobis excepturi.', 5, '2019-05-30 21:02:11', '2019-05-30 21:02:11'),
(299, 55, 'Lyda Wisoky', 'Maiores et dolorem sapiente et maiores eligendi. Iusto assumenda quia dolor officiis magni totam sit ex. Enim sunt quam et autem molestias cumque. Error asperiores at tenetur ad quam sed. Debitis enim sit libero sunt nobis.', 4, '2019-05-30 21:02:11', '2019-05-30 21:02:11'),
(300, 66, 'Laverna Crist', 'In aut et aperiam culpa distinctio vel aut et. Et occaecati perspiciatis in dolor reprehenderit distinctio. Et aut ea fuga error. Omnis eum aut sunt soluta ipsam.', 4, '2019-05-30 21:02:11', '2019-05-30 21:02:11');

-- --------------------------------------------------------

--
-- Table structure for table `users`
--

CREATE TABLE `users` (
  `id` bigint(20) UNSIGNED NOT NULL,
  `name` varchar(191) COLLATE utf8mb4_unicode_ci NOT NULL,
  `email` varchar(191) COLLATE utf8mb4_unicode_ci NOT NULL,
  `email_verified_at` timestamp NULL DEFAULT NULL,
  `password` varchar(191) COLLATE utf8mb4_unicode_ci NOT NULL,
  `remember_token` varchar(100) COLLATE utf8mb4_unicode_ci DEFAULT NULL,
  `created_at` timestamp NULL DEFAULT NULL,
  `updated_at` timestamp NULL DEFAULT NULL
) ENGINE=InnoDB DEFAULT CHARSET=utf8mb4 COLLATE=utf8mb4_unicode_ci;

--
-- Indexes for dumped tables
--

--
-- Indexes for table `migrations`
--
ALTER TABLE `migrations`
  ADD PRIMARY KEY (`id`);

--
-- Indexes for table `password_resets`
--
ALTER TABLE `password_resets`
  ADD KEY `password_resets_email_index` (`email`);

--
-- Indexes for table `products`
--
ALTER TABLE `products`
  ADD PRIMARY KEY (`id`);

--
-- Indexes for table `reviews`
--
ALTER TABLE `reviews`
  ADD PRIMARY KEY (`id`),
  ADD KEY `reviews_product_id_index` (`product_id`);

--
-- Indexes for table `users`
--
ALTER TABLE `users`
  ADD PRIMARY KEY (`id`),
  ADD UNIQUE KEY `users_email_unique` (`email`);

--
-- AUTO_INCREMENT for dumped tables
--

--
-- AUTO_INCREMENT for table `migrations`
--
ALTER TABLE `migrations`
  MODIFY `id` int(10) UNSIGNED NOT NULL AUTO_INCREMENT, AUTO_INCREMENT=17;

--
-- AUTO_INCREMENT for table `products`
--
ALTER TABLE `products`
  MODIFY `id` bigint(20) UNSIGNED NOT NULL AUTO_INCREMENT, AUTO_INCREMENT=101;

--
-- AUTO_INCREMENT for table `reviews`
--
ALTER TABLE `reviews`
  MODIFY `id` bigint(20) UNSIGNED NOT NULL AUTO_INCREMENT, AUTO_INCREMENT=301;

--
-- AUTO_INCREMENT for table `users`
--
ALTER TABLE `users`
  MODIFY `id` bigint(20) UNSIGNED NOT NULL AUTO_INCREMENT;

--
-- Constraints for dumped tables
--

--
-- Constraints for table `reviews`
--
ALTER TABLE `reviews`
  ADD CONSTRAINT `reviews_product_id_foreign` FOREIGN KEY (`product_id`) REFERENCES `products` (`id`) ON DELETE CASCADE;
COMMIT;

/*!40101 SET CHARACTER_SET_CLIENT=@OLD_CHARACTER_SET_CLIENT */;
/*!40101 SET CHARACTER_SET_RESULTS=@OLD_CHARACTER_SET_RESULTS */;
/*!40101 SET COLLATION_CONNECTION=@OLD_COLLATION_CONNECTION */;
